Barcode,UMAP-1,UMAP-2
AAACCCAGTCGGCCTA-1,7.5262904,-4.9488516
AAACGCTCATCAGCAT-1,-6.813134,6.329401
AAAGAACAGCGTCAGA-1,-5.1003013,5.193808
AAAGAACCAAAGAGTT-1,11.332792,2.4356143
AAAGGTACAAGTCATC-1,11.511384,-0.21088387
AAAGGTATCAGTCCGG-1,-5.8253484,8.068658
AAAGTCCAGCTCGACC-1,5.7101884,1.2657334
AAAGTCCGTCGCTTAA-1,-6.4544315,6.856968
AAAGTGAGTGACGTCC-1,-8.3722315,-5.790461
AAAGTGAGTGGAAATT-1,10.430186,4.735978
AAAGTGAGTTAAGACA-1,5.6373796,0.387975
AAATGGAAGCTATCCA-1,10.399167,5.7736087
AAATGGAAGTTCCGGC-1,-5.0398507,4.0234776
AACAACCAGGTTTACC-1,10.733572,-0.5945782
AACAACCGTGCTGTCG-1,-2.189485,3.0830212
AACAAGAGTCGAAGCA-1,11.235242,2.7079692
AACACACAGTGCAGGT-1,5.649827,0.110992566
AACACACCAGTCGGTC-1,-4.974766,4.0841703
AACAGGGAGACTCAAA-1,6.9272647,-0.49447083
AACAGGGTCCCACAGG-1,-8.374082,-7.8988824
AACCAACCAGGGAATC-1,-8.845944,-3.790671
AACCAACTCAAGGTGG-1,10.361377,0.63043547
AACCACAAGCACTCCG-1,11.701527,0.43617252
AACCACAAGTATGATG-1,7.440381,-3.2602026
AACCACACAATGAAAC-1,11.159412,-0.6116092
AACCACATCCGAACGC-1,-6.8543143,8.577655
AACCACATCGTAGAGG-1,8.20328,-1.7545089
AACCCAAAGCATCCCG-1,-6.9412107,8.37263
AACCCAAAGCGCTGAA-1,5.3632627,0.79681706
AACCCAAGTAGCTGTT-1,-2.8933334,3.841849
AACCCAAGTTTCGCTC-1,1.1379802,1.3038988
AACCTGAGTGAGCGAT-1,9.302508,8.626533
AACCTTTCATGTAACC-1,10.48479,4.431087
AACCTTTTCCGCATAA-1,-8.414965,-6.450715
AACGAAACATAATCGC-1,-8.792398,-5.0223947
AACGAAACATCGGATT-1,-7.1221004,7.33941
AACGAAATCTAGCCTC-1,11.701543,1.5488254
AACGGGACAGCAGAAC-1,9.932272,-0.6072148
AACGTCAGTAGTTACC-1,6.9580994,-5.1473455
AACTTCTCATGACGTT-1,-2.84227,3.2968369
AAGAACACATCCTAAG-1,-8.41394,2.133669
AAGACAATCGAGTTGT-1,-5.244326,2.334657
AAGACTCCACACCAGC-1,-7.7461653,-3.6231945
AAGACTCGTAAGGAGA-1,-6.6767735,9.471974
AAGATAGCACATCATG-1,1.3487328,0.99802953
AAGATAGGTTATGGTC-1,10.870372,3.374324
AAGATAGTCCCTGGTT-1,10.448619,3.2598403
AAGCATCCAAAGAACT-1,-7.0202274,8.337194
AAGCATCCACACAGCC-1,10.889589,2.7801611
AAGCCATCAGCTTCCT-1,-8.044388,-7.993299
AAGCCATTCATTATCC-1,6.7251983,0.18977524
AAGCGAGGTGTCTTCC-1,-7.619923,-7.583403
AAGCGTTAGGGCAGGA-1,-7.5719633,-7.5178595
AAGGAATCAACACAGG-1,9.336173,-0.069035195
AAGGTAACACTCAGAT-1,6.10479,-3.2663975
AAGGTAAGTGAGACGT-1,5.78594,0.4781217
AAGTACCCAGACCATT-1,-5.420571,3.7056787
AAGTACCCAGACCTAT-1,-1.8260319,3.4072862
AAGTCGTAGCACGATG-1,-6.4785967,8.974947
AAGTCGTTCGGTAAGG-1,9.502671,8.250797
AAGTCGTTCTAGACAC-1,7.607137,-4.543142
AAGTGAAAGTCCGCGT-1,9.9884205,0.7043296
AAGTGAACAGAGAATT-1,-6.413184,5.6259127
AAGTTCGGTGTAAATG-1,-3.3209357,4.3623724
AAGTTCGGTTCGGTAT-1,-7.9299235,-4.065997
AATAGAGAGTCCTGTA-1,-6.5025816,-3.399723
AATCACGCAGCAGAAC-1,-6.964956,8.225217
AATCGACCAGACCTAT-1,-5.374481,8.586741
AATCGACTCATAGACC-1,-9.073688,-4.509971
AATCGACTCCCAACTC-1,-6.0863614,8.890786
AATCGACTCGTAATGC-1,-4.794228,1.1706305
AATGACCTCACTGATG-1,-5.404493,7.0940156
AATGCCAGTCCGCAGT-1,6.610865,-3.9261763
AATGCCATCCCTTTGG-1,10.891804,-0.528167
AATGGAAAGCCAAGGT-1,-6.7788186,8.209816
AATGGAAAGTCTAGAA-1,7.48979,-2.8374052
AATGGCTCAGAGAATT-1,-7.6422443,2.6565192
AATGGCTGTAAGTTAG-1,7.6402955,-4.063943
AATGGCTTCTTGATTC-1,-7.4625382,-3.6393251
AATTCCTGTCTGTCAA-1,-2.2926412,2.958018
AATTTCCTCGGCATAT-1,8.078928,-0.5925942
AATTTCCTCTCTATAC-1,11.2860985,0.1233923
ACAAAGAAGCGTTACT-1,6.209062,-4.255336
ACAAAGACATAGGAGC-1,6.191757,-4.100359
ACAAAGATCTGCGGGT-1,6.692806,-5.5819464
ACACAGTGTTCAGCTA-1,-3.676684,4.2631445
ACACCAAGTGACGCCT-1,-4.3316655,4.3054338
ACACGCGGTACTGGGA-1,-6.762289,8.203068
ACACGCGGTATACGGG-1,9.1864195,8.315363
ACAGAAACATTAAGCC-1,10.875683,0.935145
ACAGAAAGTTGCTCCT-1,6.548927,-3.18331
ACAGAAATCGTAGCTA-1,-9.382642,1.8853083
ACAGCCGTCCCAAGTA-1,-4.9088593,8.47533
ACAGCCGTCTTCCACG-1,5.5705,0.17856582
ACATCCCAGCCTGTGC-1,-8.872528,-5.8638287
ACATCCCCACAAACGG-1,9.638183,0.25718564
ACATCCCTCTTGCGCT-1,-6.7699585,2.7694504
ACATCGACAGCTGCCA-1,10.117519,1.3136683
ACATGCAAGCAAGCCA-1,-6.1210675,7.707857
ACATGCAAGTCCGCGT-1,-8.996626,-5.393457
ACATGCACACACTTAG-1,-5.456234,6.794798
ACATTTCAGTACCCTA-1,1.5144058,1.5190054
ACATTTCGTCTAACGT-1,10.21819,6.336239
ACCAAACGTCCAATCA-1,-5.1815743,8.585968
ACCAAACGTTCGTGCG-1,6.681442,-5.7112226
ACCAACAGTGAGACGT-1,6.7059956,-3.3963566
ACCAACAGTTCCAAAC-1,6.6039243,-4.4283
ACCAACATCAGAGTGG-1,5.8570313,-3.5769148
ACCACAAAGCCATTGT-1,-7.473499,2.538797
ACCACAACAGTAACGG-1,-8.930726,-4.7563324
ACCACAAGTCCTTTGC-1,7.1511555,-2.5727792
ACCATTTAGTGATAAC-1,-6.0825176,7.9539633
ACCATTTGTTCTGACA-1,-8.413963,-5.94182
ACCCTCAAGCAACAAT-1,7.5512037,-2.9454217
ACCCTTGAGTCAGCGA-1,5.822674,1.209361
ACCCTTGGTGCTCGTG-1,10.409992,4.5169063
ACCGTTCCATAGAGGC-1,-7.7849293,-4.090341
ACCTGAAGTATCAGGG-1,-4.8789487,6.965132
ACCTGAATCGGCTCTT-1,-5.2333107,1.8741374
ACCTGTCTCAGTCCGG-1,-5.1707454,4.277768
ACCTGTCTCCGACAGC-1,5.284176,0.7135244
ACGATCATCTTGTTAC-1,-5.324017,7.4818397
ACGATGTAGAACCCGA-1,-7.823177,-5.698828
ACGATGTCATGTCGTA-1,7.020638,-2.994662
ACGATGTCATTCTGTT-1,-7.916939,-4.187778
ACGCACGCACGAAAGC-1,-7.181222,8.665149
ACGCACGGTCATATGC-1,1.505924,1.5835288
ACGCACGGTGTCATTG-1,-8.350544,-3.5098937
ACGGAAGAGTACTCGT-1,10.5262575,5.0485325
ACGGAAGCATGGCGCT-1,-8.632331,2.0813372
ACGGAAGTCAAAGGAT-1,-6.0983453,9.265212
ACGGAAGTCGAACCAT-1,10.884559,-0.19412003
ACGGTCGCAAAGCGTG-1,-7.687781,-6.6353006
ACGGTCGCAGCGGTCT-1,-5.309966,3.9442472
ACGGTCGTCCTGGTCT-1,-4.889913,3.084751
ACGGTTAGTAATGCTC-1,-6.094923,7.649716
ACGTAACAGAGTCCGA-1,-9.312101,1.9277897
ACGTAACTCTACTATC-1,-8.767747,-3.3379033
ACGTACAAGACGAGCT-1,-6.7511177,6.7596984
ACGTACACACAAGCCC-1,-7.63328,-5.1162558
ACGTACAGTCGTGGAA-1,10.694916,2.4149964
ACGTAGTCAAAGGCAC-1,11.004856,3.3622446
ACGTAGTCACAATGTC-1,-5.6531153,8.958884
ACGTCCTCATACCAGT-1,-6.7345324,6.4597087
ACGTCCTTCGATAACC-1,-2.1791992,3.19855
ACGTTCCGTGTTCCTC-1,-7.7520337,-4.278611
ACTATCTCAATCCTAG-1,10.458118,0.1111185
ACTATGGGTAAGGTCG-1,9.859752,2.2711952
ACTATTCCACCGTGGT-1,10.675601,-0.61026484
ACTATTCGTAGCGTTT-1,7.3392577,-4.1929955
ACTATTCTCCCATTTA-1,-8.326205,-5.812394
ACTCCCATCGCTTAAG-1,5.4462037,0.6238488
ACTGATGGTAATCAGA-1,-8.898696,-4.2319727
ACTGCAAAGTGCCAGA-1,6.653812,-3.404604
ACTGTGACATCATCCC-1,11.924708,0.73457384
ACTGTGAGTGTCTTAG-1,5.414001,0.99239826
ACTGTGATCTGGTCAA-1,-5.0982823,4.198536
ACTTATCAGTTAGTGA-1,-6.8302445,-2.67751
ACTTATCCACGTTGGC-1,10.998858,-0.6291074
ACTTATCTCTTACACT-1,10.351458,4.257575
ACTTCCGCATAGGTTC-1,-5.996624,4.9456315
ACTTTCAAGTAAAGCT-1,7.5505614,-4.82413
ACTTTCAGTAGACAGC-1,-8.047952,-4.999234
ACTTTGTAGGTCATAA-1,6.336453,0.48188898
ACTTTGTAGTTGTAAG-1,-6.565086,5.845417
ACTTTGTCACTTGACA-1,6.1413665,-4.636267
ACTTTGTTCACTGTCC-1,-6.105026,5.7170324
AGAAATGAGAAGGCTC-1,-1.8176314,3.0731595
AGAACAATCTTAGCAG-1,-5.661675,8.954617
AGAACCTGTGAGAGGG-1,6.0896325,0.49485695
AGAACCTGTGTGTTTG-1,7.4567437,-4.3071766
AGAAGCGAGGGTAGCT-1,-8.433081,-4.2522416
AGAAGCGCATCTTAGG-1,-2.1124785,3.7147539
AGAAGCGGTGCTCCGA-1,-5.2609925,6.200727
AGAAGCGTCATACGAC-1,-9.116665,-5.3117337
AGAAGTAGTGCATGTT-1,10.131468,-0.21459828
AGAAGTAGTTGATGTC-1,-9.424738,-4.5562344
AGAAGTATCCTACGAA-1,11.1204605,0.5215036
AGACAAAAGAGAGAAC-1,9.3626,-0.6188402
AGACAAACATACACCA-1,-8.494011,-6.357529
AGACAAACATTGAAGA-1,-4.989374,1.8676777
AGACACTCAAGTGCAG-1,-9.508842,-4.992977
AGACACTGTGCTCGTG-1,-2.9141214,4.4109225
AGACACTTCCAAAGGG-1,11.000346,2.8872774
AGACAGGAGGATACAT-1,10.977715,2.144097
AGACCATAGCCTAGGA-1,10.721469,3.1258874
AGACCATCATGCCGCA-1,8.661269,-1.2730869
AGACCATTCGCTATTT-1,-6.037471,8.432513
AGAGAATAGAGAGCGG-1,-5.9618278,3.5146682
AGAGAATAGTTCGCAT-1,6.7476616,-3.0591493
AGAGAATTCTAAACGC-1,11.891994,0.2528964
AGAGCAGCACCTCAGG-1,5.442057,0.7330904
AGAGCCCAGCACTAGG-1,10.0214,-0.07426368
AGATAGACAAAGCACG-1,10.8738165,1.0343812
AGATAGACACCCTGTT-1,8.548861,-0.30948925
AGATAGAGTAGACGGT-1,9.598161,8.091999
AGATAGATCCACCCTA-1,-9.367123,-4.6990175
AGATCCAAGGACTAAT-1,6.3220673,-2.9907265
AGATCCAAGGGCGAAG-1,7.098556,-4.8949795
AGATCCACAAGGATGC-1,-8.516434,-3.6839435
AGATCCACAGAATTCC-1,10.603068,4.023323
AGATCCAGTAGTTAGA-1,10.214466,-0.11731316
AGATCCATCCGCCTAT-1,-5.877944,5.3684735
AGATGAAAGTCGCCCA-1,-4.102455,3.9736373
AGATGAATCCCAAGTA-1,-8.654268,-6.201985
AGATGAATCTTCCAGC-1,-6.9801116,8.522079
AGCATCAAGATGTTAG-1,-7.841648,-6.1592884
AGCATCACACCTGATA-1,-6.47756,-3.4162705
AGCATCATCAAACCCA-1,6.8445096,-2.8496368
AGCATCATCAGACCGC-1,-4.8253655,2.523877
AGCCAATTCGAAGGAC-1,-8.614047,-4.3034368
AGCCAATTCGATGCAT-1,11.603761,1.4449955
AGCCACGAGACATATG-1,9.284304,8.243641
AGCCACGCATTAGGCT-1,-6.831727,-2.6495824
AGCCAGCAGCTGTCCG-1,-2.5702362,4.037572
AGCCAGCGTCGTTATG-1,6.838144,-4.5615025
AGCCAGCGTTCTAAGC-1,-7.274865,8.159692
AGCGATTAGAGTGTTA-1,-6.6700277,5.986283
AGCGCCAGTGTTGATC-1,10.091328,1.7358582
AGCGCCATCATGAGTC-1,-7.764809,-7.477056
AGCGTATAGCGAGAAA-1,9.364019,8.625652
AGCGTATGTTGTTTGG-1,-4.910461,6.8983955
AGCGTCGCACAGTCAT-1,10.308207,6.0616097
AGCTTCCAGCTGTTAC-1,-5.7812552,5.1866965
AGCTTCCCACTCAAGT-1,-6.7655897,8.176622
AGGAAATCAATACCCA-1,-8.728092,-4.1204486
AGGAAATGTATGTCAC-1,-4.7890406,2.791386
AGGAAATGTCCTATAG-1,-5.958204,8.30674
AGGAAATTCAATCTTC-1,11.124997,2.8095348
AGGAAATTCGGAATGG-1,-7.5121913,8.451189
AGGAATACACGACAGA-1,-6.780495,-2.6100926
AGGAATAGTCTGCATA-1,-5.15836,2.066542
AGGACTTCAAAGGTTA-1,-5.5978136,4.6275735
AGGACTTTCGTGGAAG-1,7.4537315,-4.826335
AGGAGGTAGAGAGGGC-1,10.792762,4.2776423
AGGATAAAGTCGGCAA-1,7.547317,-0.6559992
AGGATCTAGTCGGGAT-1,-4.77327,1.2539519
AGGATCTCAGACACAG-1,5.7072253,0.2682702
AGGCATTCATTGGCAT-1,-7.9892445,-5.753367
AGGCATTGTCCAGAAG-1,-8.057217,-3.7977738
AGGCCACAGGAAGTGA-1,-8.135407,-3.7145278
AGGCCACAGGACAAGA-1,-4.596249,2.0101752
AGGCCACCAGGTGGAT-1,-6.9310894,7.786334
AGGCCACGTGAACGGT-1,-6.577125,7.779546
AGGCTGCAGCTTCGTA-1,-3.0565734,4.1480393
AGGCTGCAGGTTCAGG-1,-2.1270938,3.769062
AGGCTGCTCATTTCCA-1,-2.5200365,4.212855
AGGGCCTTCCTAGAGT-1,9.581728,8.310766
AGGGCTCAGACTGGGT-1,-8.683038,-4.5688653
AGGGCTCAGGCGAAGG-1,-2.1346068,2.7836716
AGGGCTCAGTTCATCG-1,-7.896693,-4.346767
AGGGCTCTCTTCTCAA-1,-8.121953,-4.93876
AGGGTCCAGCCACCGT-1,-4.6235147,4.205341
AGGGTCCGTAACTGCT-1,6.709241,-3.8795376
AGGGTCCGTAGATGTA-1,7.9196215,-0.43918544
AGGGTCCTCTCCCAAC-1,-6.156406,7.336455
AGGGTGAGTTCTCAGA-1,-5.2562885,4.1070623
AGGGTTTCACGAAAGC-1,11.630178,1.8186941
AGGTAGGAGGGCAGGA-1,-8.98398,-5.715071
AGGTAGGCATAGGAGC-1,11.749823,0.57742417
AGGTCATTCCTACTGC-1,-7.0144234,7.0827107
AGGTCATTCGTTGTTT-1,10.607362,4.925391
AGGTCATTCTCACCCA-1,-8.979553,-5.950331
AGGTCTATCGTCACCT-1,8.791518,-0.83721036
AGGTGTTGTACGTGAG-1,8.771567,-1.0105302
AGGTTGTCAGTAGAGC-1,10.352863,2.5522423
AGGTTGTTCCCTAGGG-1,10.993971,2.9417157
AGGTTGTTCGGTCAGC-1,-6.786884,2.528258
AGTAACCAGTGCCCGT-1,11.645838,-0.04830477
AGTAACCCAACGTTAC-1,-7.991467,-3.8004515
AGTAACCCATTGAGGG-1,-8.929574,-4.928992
AGTACCAAGTAACGTA-1,-4.3310018,2.5476427
AGTACTGAGGTAGATT-1,-6.46344,5.571098
AGTACTGGTCATGACT-1,-7.372512,-3.390963
AGTAGCTCAAGCGCTC-1,10.390666,3.9680114
AGTAGTCCACATATGC-1,-3.945409,4.355059
AGTCAACAGCTATCCA-1,0.5870581,7.97415
AGTCAACGTCACTTAG-1,-8.980218,2.0109324
AGTCACAGTACGTGTT-1,11.434658,0.25884804
AGTCATGCAAAGGCAC-1,0.3616877,8.073152
AGTCATGGTGAGTGAC-1,-5.9297466,8.8163395
AGTCATGTCCCGATCT-1,-6.30468,8.397585
AGTCATGTCGAACACT-1,8.163507,-2.9925873
AGTCATGTCGTCGATA-1,11.039099,2.5966837
AGTCTCCCAAATGCGG-1,9.0317545,-0.8057682
AGTGACTGTGCCTTCT-1,-4.8605227,5.135119
AGTGACTTCCAAGCCG-1,10.378765,5.015109
AGTGTTGAGTGCCTCG-1,7.72452,-3.4063368
AGTTCCCAGTGCAGGT-1,-8.228023,-6.1999087
AGTTCCCCAAAGGTTA-1,10.373587,1.8365116
AGTTCCCTCGTTCAGA-1,1.4901383,1.2884473
AGTTCGAAGATTACCC-1,-6.3012795,9.225947
ATACCGATCGATCCAA-1,-4.8547482,4.0804696
ATACCTTAGGCTGAAC-1,10.841461,0.9768612
ATACCTTCATGGTACT-1,7.003143,-5.1084414
ATAGACCCAGGAGACT-1,-3.5586667,3.322748
ATAGACCTCTGTCGTC-1,-6.1590323,6.918154
ATATCCTCAACGTATC-1,7.6197443,-2.8724346
ATATCCTGTAGGCAAC-1,-9.268869,1.9449058
ATCACAGCACCCTTGT-1,-2.3872135,3.8051305
ATCACAGGTGGAACCA-1,7.8864226,-3.241246
ATCACGACACACCTTC-1,11.29124,-0.42722234
ATCACTTAGCCTGAAG-1,-8.492486,-3.885811
ATCAGGTCAGCTGAAG-1,7.7522516,-3.799696
ATCAGGTTCGAGTCTA-1,-5.363943,8.108769
ATCATTCAGGAACGAA-1,-2.120238,3.9153323
ATCCACCAGCCTGTCG-1,-5.697167,8.380479
ATCCACCCAGCTAACT-1,-7.5632954,-6.543475
ATCCACCGTCCATAGT-1,-6.641541,-2.4438903
ATCCATTAGAATGTTG-1,10.53043,2.464774
ATCCATTAGGCCACTC-1,-5.032313,2.4926064
ATCCATTGTAGAATAC-1,-6.9424863,8.047384
ATCCATTGTATCGAAA-1,10.7712965,1.5802901
ATCCATTGTTCCGCTT-1,11.217799,0.6984399
ATCCATTTCATGCAGT-1,-6.2410307,9.205089
ATCCATTTCGCTGACG-1,-8.370614,-5.2514954
ATCCCTGAGTGTAGTA-1,1.195121,1.3989683
ATCCCTGCAACTCCCT-1,-5.650116,2.8134732
ATCCGTCTCTACTGCC-1,-7.1218944,7.816773
ATCCTATTCGTAACCA-1,10.363826,2.4188046
ATCGGCGAGCTTTCCC-1,7.269474,-5.0110784
ATCGGCGCAAGCCTGC-1,-5.0053563,3.0905807
ATCGGCGCAGCGTATT-1,-9.06039,-5.5784774
ATCGTAGCATAACTCG-1,-7.9723573,-6.265319
ATCGTCCAGGACTTCT-1,-5.4539633,7.6330967
ATCGTCCGTTTCTTAC-1,-8.324257,-7.9036975
ATCGTCCTCGTGGGAA-1,6.7320905,-5.6509643
ATCGTGATCAGCGCGT-1,-4.5999146,2.1402504
ATCGTGATCCGTGACG-1,10.815884,2.3731885
ATCTCTAAGTCCTGTA-1,10.7409935,0.11556368
ATCTCTAGTTTGAACC-1,-7.6974816,-7.720606
ATCTTCACATGGGATG-1,-4.371072,3.0957801
ATCTTCAGTCGATGCC-1,-5.2067013,2.0122511
ATGAAAGTCCCTCAAC-1,-7.1670465,7.750594
ATGACCATCCGACATA-1,7.3291707,-4.6266117
ATGACCATCGCACGGT-1,6.8815846,-5.5609713
ATGAGGGCATCGAGCC-1,-5.380416,3.5003445
ATGAGGGGTTTGAACC-1,-7.1702633,7.3230867
ATGAGGGTCTCTTCAA-1,6.602092,0.28334424
ATGAGTCGTATGGAAT-1,6.0358367,-4.475601
ATGAGTCTCGCCAACG-1,10.400485,3.4954965
ATGATCGGTACGTGTT-1,10.096987,2.5649247
ATGATCGGTTAAAGTG-1,10.540918,1.0948861
ATGATCGTCTCCATAT-1,-7.7648563,-3.5450737
ATGCCTCAGCTGGTGA-1,-8.103271,-4.983601
ATGCGATAGTTCATCG-1,10.904083,3.580748
ATGCGATTCCATCGTC-1,-5.4935246,4.5645905
ATGGATCCATCCAATG-1,-6.2992187,8.647916
ATGGGAGGTATGAAAC-1,10.703896,4.0528607
ATGGGAGGTCACCACG-1,10.803655,3.9511793
ATGGGAGTCAACCCGG-1,1.2401524,1.1173179
ATGGTTGAGAGGTCAC-1,-9.033736,-3.9175897
ATGGTTGAGCGCATCC-1,5.723438,0.9225486
ATGTCCCAGACACACG-1,-6.4508986,7.4786377
ATGTCCCTCGTACACA-1,8.621586,-0.7379647
ATGTCTTAGGCAGGTT-1,10.587644,-0.83366936
ATGTCTTTCGGAAACG-1,6.9698796,-4.057407
ATTACCTCATCCTAAG-1,-5.6358404,8.6734495
ATTACCTGTCGCAGTC-1,-8.015666,-6.1520667
ATTACTCCACTTCAGA-1,7.6919117,-0.50602627
ATTACTCGTGAACGGT-1,-6.4801235,8.947952
ATTATCCAGCGTTCCG-1,7.3368154,-3.9214518
ATTATCCAGTTAGAAC-1,-5.158598,5.005412
ATTATCCTCAGACATC-1,5.8119016,-3.990433
ATTATCCTCCATACTT-1,-5.7493496,9.186194
ATTCACTCAGGAATCG-1,8.401875,-0.4657058
ATTCAGGCAATGGGTG-1,-6.143343,7.574625
ATTCATCCAGAGGTAC-1,-7.331121,8.462503
ATTCATCTCGCCTTTG-1,11.715489,0.09133095
ATTCCATCAAGTCGTT-1,7.12526,-4.934077
ATTCCCGAGTAGACAT-1,-5.153286,5.588087
ATTCCCGGTAGACACG-1,-9.418884,1.871065
ATTCCCGGTCGATTCA-1,10.97011,2.9395754
ATTCCTAGTCGAGATG-1,7.488467,-4.6354256
ATTCCTATCTGGACCG-1,-5.21384,3.4465718
ATTCGTTCACCTGATA-1,7.9703817,-3.1861444
ATTCGTTCATGGGCAA-1,11.033528,-0.6204637
ATTCGTTGTAATTAGG-1,11.431796,0.9288728
ATTCGTTTCGCAGATT-1,-6.6296387,5.881562
ATTCTTGAGATAGTCA-1,-6.7150865,-2.547153
ATTGGGTAGCGTGTTT-1,7.8100433,-0.23387256
ATTGGGTCAACCCTCT-1,5.6510158,0.14986384
ATTGTTCTCTGTCTCG-1,-4.941091,3.5799031
ATTTACCTCTGTGTGA-1,-8.2643,-5.3506875
ATTTACCTCTTGGTGA-1,10.663195,-0.12276145
ATTTCACTCCGCTGTT-1,-5.0296626,1.7232356
CAACAACAGTGGAAGA-1,-2.920303,3.8730469
CAACAACCATTCTGTT-1,1.3672365,1.3344532
CAACAACGTAGAATAC-1,-6.426703,7.319519
CAACAACTCAGCGTCG-1,-3.0697172,3.9809432
CAACAGTAGACATCAA-1,8.910663,-0.78687286
CAACAGTAGATTCGAA-1,-7.601706,-3.9163728
CAACAGTAGGAGAGGC-1,10.474498,4.192643
CAACAGTAGTAGGATT-1,11.129772,0.66979057
CAACAGTAGTCCCAGC-1,-9.369376,1.9106845
CAACAGTTCCCGAACG-1,9.282273,7.912161
CAACCTCGTATACCTG-1,-8.51348,-6.54251
CAACGATAGACGAAGA-1,-6.298417,7.8693023
CAACGATGTGCCTTTC-1,0.60885525,7.794493
CAACGGCAGGGAGATA-1,-8.434206,-6.172442
CAAGACTCAGTCTGGC-1,-6.7800355,9.208402
CAAGACTGTTAAACCC-1,-5.7102904,2.4703803
CAAGACTTCCTCTCTT-1,0.5164971,8.0217495
CAAGCTAGTCAACATC-1,9.983947,0.59713626
CAAGCTATCATTGTTC-1,-5.891076,6.7173963
CAAGGGATCCCGAATA-1,10.293381,6.197582
CAATACGGTTGCGAAG-1,1.3275502,1.0980098
CAATCGAAGGTCATCT-1,6.4158483,-4.102383
CAATCGATCCGTTGGG-1,7.7005157,-0.57995373
CAATGACCACCAAAGG-1,-8.922661,-4.0058975
CAATGACGTCTGTCAA-1,10.385721,5.2610664
CAATGACTCAAGAAAC-1,10.014001,1.073943
CAATTTCCAATTGCTG-1,-6.1085496,9.274293
CAATTTCCATCAGCGC-1,-5.991743,8.368137
CAATTTCGTTTGCCGG-1,-7.3830447,7.8238754
CACAACAAGGATTTCC-1,9.203413,8.224166
CACAACACAGGGAATC-1,-4.2640543,2.9664931
CACAACAGTACTCGCG-1,-9.069453,-5.494377
CACAACAGTCATGACT-1,7.544515,-3.6275907
CACACAAAGCATGAAT-1,-8.264107,-6.416888
CACACAATCTGCTTTA-1,-8.947694,-5.798331
CACAGGCGTGTTCCTC-1,6.175165,-5.057392
CACAGGCGTTTGAACC-1,-5.030132,8.349947
CACATGATCCGAGATT-1,11.719887,1.0366082
CACCAAATCGCCGAGT-1,-4.240916,3.9249077
CACCGTTGTGGAGAAA-1,11.086913,0.70180416
CACGAATTCTACACAG-1,-5.8956637,7.5542693
CACGGGTCAGGTATGG-1,-5.761378,8.412857
CACGTGGCACGACGCT-1,-7.391775,8.492158
CACGTTCCAATCTCTT-1,11.1840315,1.5058681
CACGTTCGTGCGACAA-1,10.588684,3.958208
CACTAAGCAACCCGCA-1,-2.3133516,3.6449864
CACTAAGGTAGACGGT-1,-4.5271378,3.1774127
CACTAAGGTGTCATGT-1,-7.748816,-7.353073
CACTGAAAGCCTGACC-1,-6.159908,8.014367
CACTGAAGTGATTAGA-1,-7.1954017,7.8612037
CACTGAATCCCTCAAC-1,-5.072807,8.514928
CACTGGGTCCCTTCCC-1,8.818837,-1.0885072
CACTTCGTCCTCAGAA-1,9.944759,2.2993948
CACTTCGTCTCGGTCT-1,-8.027308,-6.0297675
CAGAGCCTCCATCAGA-1,5.665925,0.7739882
CAGAGCCTCTAGATCG-1,10.349259,4.322892
CAGAGCCTCTGCTCTG-1,-5.074232,7.344237
CAGATACAGTTCCAGT-1,-5.5408764,7.64366
CAGATACCACCCTATC-1,10.957285,-0.18343538
CAGATCACACAGCGCT-1,-5.5551395,8.448591
CAGATTGAGCCTCTGG-1,6.515082,-3.3935432
CAGATTGGTAGAAACT-1,9.961346,6.938388
CAGATTGGTCAACCTA-1,10.204052,3.7706373
CAGATTGGTTTGTTGG-1,-1.9549918,3.1151938
CAGATTGTCCACTTTA-1,6.261237,0.3981083
CAGATTGTCTAGTTCT-1,-9.568976,1.7289667
CAGCAATAGCATCAAA-1,-6.8886895,2.8757615
CAGCAATAGGAATTAC-1,-6.6694493,8.025238
CAGCAATGTAGCGTAG-1,6.346308,-4.08617
CAGCACGAGCTGACCC-1,1.1134567,1.4631755
CAGCACGCACAGTCAT-1,10.750517,-0.4525757
CAGCACGCACTCAAGT-1,-7.316071,7.626853
CAGCACGGTTCATCTT-1,6.8052707,-4.085269
CAGCACGGTTGGGTTT-1,9.374799,-0.6443469
CAGCAGCAGATTTGCC-1,6.6566844,-5.519215
CAGCAGCAGCGCATCC-1,-4.969102,4.23868
CAGCGTGAGAGCAACC-1,11.54003,1.7314475
CAGCGTGCAACAGAGC-1,-7.4256134,-3.5737038
CAGGCCACAACAGAGC-1,-5.1804385,4.861274
CAGGCCACACGGCTAC-1,6.805538,-4.47707
CAGGTATGTAAGCGGT-1,-8.617524,-4.5759525
CAGGTATTCCCTTGGT-1,6.573266,-3.8095472
CAGGTATTCGGCTGTG-1,-8.625958,-4.500677
CAGTGCGCATCCTGTC-1,-6.882112,-2.836241
CAGTGCGGTCATGACT-1,6.635801,-5.1701016
CAGTTAGCAAGACCGA-1,-6.9212866,7.666779
CAGTTAGCAGCTATAC-1,-5.5737247,2.2494516
CAGTTAGCAGTCAGCC-1,9.260104,-0.42998198
CATAAGCAGGTCTTTG-1,-6.865579,7.9205937
CATAAGCAGTCACAGG-1,-2.051559,3.7770388
CATAAGCCAATGCAGG-1,-6.302162,8.840077
CATAAGCGTAGATCCT-1,5.451601,0.4124372
CATAAGCGTGACCGTC-1,10.975452,2.5932822
CATACAGAGACTTCAC-1,-4.567601,1.156068
CATACAGAGCATTTCG-1,10.453942,4.712831
CATACAGGTTACGATC-1,7.576798,-2.6546054
CATACTTAGGAGTACC-1,-4.6410766,3.0450563
CATACTTTCTTACGGA-1,-6.5899744,6.5483046
CATAGACAGAGGACTC-1,11.748421,0.29629174
CATAGACTCGAGTGGA-1,7.2702665,-4.6814237
CATCAAGCAGTGGCTC-1,10.61316,1.0725228
CATCAAGGTCTTGAAC-1,12.087348,0.51239234
CATCAAGGTGTCATCA-1,-5.2282133,1.95491
CATCCACGTTAGGCTT-1,-6.955936,8.25761
CATCCACTCTAGCCTC-1,10.894525,0.6418475
CATCCACTCTCGAGTA-1,7.4666185,-2.71923
CATCCCAGTGCATGAG-1,-8.993281,-4.32163
CATCCCAGTGTGTCGC-1,9.671473,0.890333
CATCCGTAGGACAAGA-1,6.3056655,-4.004094
CATCCGTAGGCAGGGA-1,-8.372298,-5.680425
CATCGGGCACAAAGTA-1,6.2144527,-2.8878534
CATCGGGTCGTTCATT-1,6.7278266,-3.0848675
CATCGTCAGTTGCCTA-1,6.653175,-5.4417353
CATGAGTCAACAGAGC-1,-6.017101,8.976402
CATGCAAGTCGGATTT-1,-4.059396,4.536592
CATGCCTAGCAAACAT-1,6.900821,-3.0817444
CATGCCTAGGTGAGAA-1,0.56311685,7.9156156
CATGCGGCACTTGACA-1,11.231752,0.60981834
CATGCTCGTTCCCACT-1,-7.12693,8.695612
CATGCTCGTTTCGTGA-1,10.470638,5.117174
CATGGATAGCTGCCTG-1,6.849426,-2.4690046
CATGGATAGGTTCACT-1,7.356447,-2.465417
CATGGATAGTGGAAGA-1,-4.7882943,3.3024535
CATGGATCAATGGCCC-1,-6.090286,8.458723
CATGGTACAGTCTCTC-1,7.1875944,-3.1524615
CATTCATAGGATTTGA-1,-8.616057,-5.169477
CATTCATCATAGAAAC-1,9.986968,2.782226
CATTCCGAGACCATGG-1,10.887875,-0.13934787
CATTCCGAGTAACCGG-1,-6.83373,7.6363993
CATTCCGCATCTTTCA-1,10.942285,-0.6981723
CATTCCGTCTGAGAGG-1,-8.57876,-5.1231623
CATTCTAAGCGCAATG-1,7.7477617,-2.2914782
CATTCTACATTCGATG-1,-3.8727224,4.4223895
CATTGAGAGGCCTAGA-1,-5.2754617,4.165972
CATTGAGCAATCCTTT-1,6.478979,-3.0700016
CATTGAGGTTCACCGG-1,6.0517483,0.61654615
CATTGCCAGACTCCGC-1,-7.6775966,-7.444387
CATTGCCCAAATGAAC-1,10.590306,2.5777862
CATTGCCCAAGGACAC-1,5.4532356,0.20847811
CATTGCCGTCGTCAGC-1,-7.748409,-7.5801206
CATTGCCGTGAGCGAT-1,6.063121,-4.4089713
CATTGCCTCAGCGTCG-1,6.3807583,-4.3487625
CATTGCCTCATCGCTC-1,-8.523779,-3.6767027
CATTGTTAGGTGCTTT-1,-4.83325,4.738182
CATTGTTCAATCGCGC-1,7.7587285,-2.3914964
CATTGTTTCACGGGCT-1,7.8997006,-3.7774675
CATTTCAAGGTTGACG-1,9.923347,1.5545434
CATTTCACACATGGTT-1,-6.683765,2.8004053
CCAAGCGCAGGACTTT-1,10.842868,1.5386094
CCAAGCGGTGCAATAA-1,10.322473,3.0466366
CCAAGCGGTTATGTCG-1,-4.914443,4.027103
CCAATGAGTTGCATGT-1,10.773124,3.32894
CCAATTTAGGCAGCTA-1,-4.7596345,4.3140225
CCAATTTCAGAGGACT-1,6.2170467,-3.9919508
CCAATTTGTGTCATGT-1,-2.981963,4.061214
CCAATTTTCGCTACGG-1,6.191527,-5.040045
CCACAAATCAAGAGGC-1,6.3984947,-4.0485005
CCACACTGTCAAGTTC-1,-6.8975472,6.8003855
CCACACTTCACGACTA-1,1.4655229,0.9803117
CCACACTTCCGACATA-1,-6.0564175,9.1019535
CCACCATAGGACGCTA-1,-8.386844,-4.069354
CCACCATCATGGCCCA-1,10.950013,3.8390725
CCACCATTCAATCCGA-1,11.783915,1.7660972
CCACCATTCGAACGGA-1,-6.1996946,6.171816
CCACGAGTCGGAACTT-1,8.299114,-0.8091606
CCACGAGTCGGTCAGC-1,-7.023282,8.764686
CCACGTTGTTGTGGCC-1,-7.913561,-3.6717985
CCACTTGGTACCGCGT-1,5.2644477,0.87129253
CCATAAGAGTTGTAAG-1,-4.7634873,4.0596085
CCATAAGCAGGACTAG-1,11.572276,0.21651782
CCATAAGGTGGCCCAT-1,10.7624445,0.8858006
CCATCACAGCCTCATA-1,1.206263,0.94936115
CCATCACCATCGCTAA-1,-4.637341,1.0329411
CCCAACTAGGTAGTAT-1,-6.5602193,7.0640674
CCCAACTCAGCTAACT-1,-9.501467,-4.592819
CCCAACTTCTCCCAAC-1,-4.946731,5.5353475
CCCAACTTCTCCCATG-1,7.1251974,-4.959226
CCCATTGAGTGCTCAT-1,9.654889,0.30361044
CCCGAAGAGGACTTCT-1,7.880598,-3.4898925
CCCGGAAGTTCTAACG-1,10.248037,3.3258586
CCCGGAATCAGCGCAC-1,-5.4106674,3.8573747
CCCTAACAGAGCCGAT-1,10.536077,0.35781908
CCCTAACAGATCGCCC-1,6.5621433,-2.7386672
CCCTAACAGTCAAGCG-1,-7.206361,2.431052
CCCTAACCAACTGCTA-1,-8.179691,-5.6082144
CCCTAACCACCCTCTA-1,-7.884137,-6.125032
CCCTAACGTTAGGACG-1,6.457551,0.7473629
CCCTAACTCAATCAGC-1,-7.975189,-7.651539
CCCTCAAAGCATCGAG-1,11.054377,2.876789
CCCTCAACAATAACGA-1,-8.564722,-6.1483107
CCCTCAAGTAGATGTA-1,-7.7603025,-3.6597733
CCCTCTCAGAAATTGC-1,10.198779,1.7921758
CCCTCTCAGTAGGATT-1,11.10815,1.0213298
CCCTCTCCAATGCTCA-1,-6.270561,7.8785887
CCCTCTCGTTGCCTAA-1,-6.999621,-2.8002279
CCCTGATGTAACAAGT-1,5.3884416,0.21045484
CCCTGATTCCAACTAG-1,-8.259112,-7.9348164
CCCTTAGCATCGTTCC-1,5.9277153,1.0652045
CCCTTAGGTAGGTGCA-1,-6.4741344,9.090325
CCCTTAGGTTCCATTT-1,-5.295115,1.9002883
CCGATCTCATGGCTGC-1,-6.0855803,7.8772745
CCGATGGGTACCTTCC-1,9.148774,8.025358
CCGATGGTCTTAAGGC-1,-7.934628,-4.487432
CCGCAAGCATGAGTAA-1,6.486649,-4.0762825
CCGCAAGGTTATAGCC-1,-8.60679,-3.7153354
CCGGGTAAGAATCGAT-1,11.843452,1.5491999
CCGGGTAGTAGTCACT-1,-2.082394,2.7749615
CCGGTAGAGATTACCC-1,7.796119,-3.4404974
CCGGTAGGTATGTGTC-1,8.126881,-2.5020592
CCGGTAGGTCTGTGAT-1,-8.495045,-4.0016193
CCGGTAGTCCGTGACG-1,5.363189,0.8077494
CCGTAGGGTTTGACAC-1,6.602583,-3.7345152
CCGTGAGAGAGGTCAC-1,-1.6612309,3.016113
CCGTGAGGTAACATGA-1,-2.213894,3.898748
CCGTTCAAGGGTCTTT-1,0.5645118,8.049951
CCTAACCCAATTGCAC-1,-7.1212378,8.544842
CCTAACCGTGGTTCTA-1,-8.456112,-7.102054
CCTAAGACAGCTTTGA-1,1.190552,1.1366237
CCTACGTAGCCTATCA-1,-7.3271,8.671226
CCTACGTTCGTTGTGA-1,5.8509927,0.95274746
CCTACGTTCTAACGCA-1,6.2552814,0.5319936
CCTATCGCAAGCCCAC-1,-2.5210361,3.6343846
CCTATCGCACGCTGAC-1,6.724531,-4.326253
CCTATCGCATACGCAT-1,-8.45624,2.0875902
CCTATCGTCATTCACT-1,-6.39395,7.813284
CCTCAACAGTCTAGAA-1,-4.4732637,4.003866
CCTCAACGTCGATTCA-1,9.3865185,8.544815
CCTCAACTCGGTAGGA-1,9.915386,0.3380801
CCTCACAAGAAGAACG-1,-5.6911244,2.7024245
CCTCACACATCGGAAG-1,10.556008,5.1630244
CCTCACATCATTGGTG-1,-2.3824883,3.8962052
CCTCAGTAGGAGGGTG-1,11.46967,0.35842618
CCTCAGTCAATCGCCG-1,10.407127,3.4761972
CCTCAGTCACTTTATC-1,7.789838,-3.1065347
CCTCAGTGTGTACGCC-1,-6.0377274,8.415915
CCTCAGTTCTGACCCT-1,-5.852481,8.287517
CCTCATGAGGTCGACA-1,-2.208721,2.7591321
CCTCATGAGTTTCGAC-1,-8.319899,-3.523794
CCTCATGCAAACGTGG-1,10.0451765,3.4195216
CCTCATGCATTGTACG-1,6.0792994,0.49524358
CCTCCAACAGAACTAA-1,-1.8403771,2.8669071
CCTCCTCAGCGACAGT-1,-5.0399795,8.09951
CCTCTAGAGAACTCCT-1,-7.05673,7.5054107
CCTCTAGGTTCCAAAC-1,-7.997225,-7.9582825
CCTGCATCAGCGAGTA-1,-6.8117685,9.249976
CCTGCATGTTTGATCG-1,-6.04766,8.378157
CCTGTTGTCACCCTTG-1,-8.475693,2.1324708
CCTTCAGAGAGGGTAA-1,-5.775045,6.0245876
CCTTCAGTCCATTGGA-1,-4.853648,3.3224506
CCTTCAGTCGTTCTCG-1,-7.2700677,7.9403205
CCTTGTGAGAAGGCTC-1,11.448444,0.241777
CCTTGTGCACAGCGCT-1,10.418362,2.1726952
CCTTGTGCACTTGGGC-1,-5.6316757,2.6074893
CCTTGTGCACTTTAGG-1,10.915044,0.7876964
CCTTTGGCACATCCCT-1,1.4126168,0.95200163
CCTTTGGTCACGTCCT-1,7.4114184,-5.0880923
CCTTTGGTCTGCACCT-1,9.403951,8.555924
CGAAGGATCTAGTACG-1,5.9248443,-4.541779
CGAAGTTAGACTCTAC-1,-7.040114,7.7496963
CGAAGTTCATGACAAA-1,6.5798635,-2.681373
CGAAGTTGTGGTCTTA-1,-6.1444764,8.358831
CGAAGTTTCGGATTAC-1,-7.6996946,-7.685385
CGAATTGAGTACCGGA-1,-6.85707,7.8794255
CGACAGCAGCTCTTCC-1,1.2324166,1.1536901
CGACAGCTCCTGGGTG-1,11.763596,0.73965865
CGAGGAACAAACCACT-1,6.9746995,-2.6038468
CGAGGAACAACGTATC-1,-7.6790485,-3.4917219
CGAGGAACATCCGAAT-1,11.523951,1.1707832
CGAGGAAGTAAGGCCA-1,-8.344215,-3.5303586
CGAGGCTAGCAGGCTA-1,0.4809822,7.9569416
CGAGGCTCACAATTCG-1,10.885701,-0.6700266
CGAGTTAGTTCCGTTC-1,11.187536,3.3537025
CGATCGGGTAACTGCT-1,-5.8931637,3.43813
CGATCGGGTACAGGTG-1,11.39121,2.5739675
CGATGCGCAACGGCCT-1,-4.7445917,4.8178353
CGATGGCCAACACACT-1,6.5946116,-2.7217438
CGATGGCCACTAACCA-1,-4.85129,3.7111657
CGCAGGTAGCGTTACT-1,10.28117,2.0067253
CGCAGGTCAGCTCATA-1,-7.3000646,7.878268
CGCAGGTGTCCACTCT-1,-1.9765241,2.8711112
CGCATAATCACGAACT-1,-9.374663,1.9118075
CGCATAATCTCAACGA-1,-5.7336564,8.427054
CGCCAGATCAGTGTCA-1,-8.032133,-3.5062084
CGCCAGATCCATTGGA-1,5.8710523,1.2365307
CGCCATTAGTCAAGCG-1,10.521568,4.852931
CGCGTGAGTCACAATC-1,-5.5544133,3.624278
CGCGTGATCACTCCGT-1,-6.6931896,9.182545
CGGAACCGTTAGGCCC-1,-8.334555,-6.3740997
CGGAACCTCAGGTAAA-1,11.280926,-0.042885475
CGGACACCACCGGCTA-1,-3.368157,3.5841024
CGGACACTCGGACGTC-1,-7.4505525,2.6767826
CGGAGAAAGGTCGTAG-1,8.043977,-1.2755255
CGGAGAAAGTATGTAG-1,10.880415,1.4691049
CGGCAGTAGCACTAAA-1,1.2930024,1.3652058
CGGCAGTGTGAATATG-1,6.1296706,-3.2782416
CGGCAGTTCGGATTAC-1,11.316267,1.5243857
CGGGCATTCTAGAGCT-1,1.1602128,1.3454238
CGGGTCAGTTCCAAAC-1,11.071402,3.3791525
CGGGTGTCACGCACCA-1,6.550683,-3.0201595
CGGTCAGAGGAGAGTA-1,1.3149695,1.2786884
CGGTCAGCAAACAGGC-1,10.274055,2.6358197
CGGTCAGTCCAAGCTA-1,-7.9824395,-7.824374
CGTAATGAGCTACGTT-1,-2.6677115,3.7783737
CGTCAAAGTTGCGAAG-1,11.024691,0.9293523
CGTCAAATCATAGGCT-1,-7.1459494,7.639369
CGTCCATGTGTACGCC-1,-3.3907714,3.6217844
CGTGAATCATACCAGT-1,11.31788,0.9996043
CGTGATAGTGGCGTAA-1,7.233488,-2.0840194
CGTGATATCGGCTTGG-1,11.175799,3.460704
CGTGCTTTCCTTCTAA-1,-9.356555,-5.3650084
CGTGTCTGTGCCCGTA-1,11.766531,1.06374
CGTTAGACATAATCCG-1,6.0584707,-3.2107968
CGTTCTGCACACCTAA-1,5.922097,0.7948065
CGTTCTGGTACAACGG-1,6.712999,-4.075185
CGTTCTGTCTTACCGC-1,-8.5769,-6.100432
CTAACTTCACCAGCGT-1,-6.349959,8.349205
CTAACTTTCGAGATGG-1,6.603899,-3.9156294
CTACAGACATTCACAG-1,10.728164,0.38121715
CTACATTAGAGCATTA-1,-4.825258,3.182683
CTACATTGTTAAGGGC-1,10.626992,3.311236
CTACATTTCTTCGACC-1,-7.402339,2.4089592
CTACCCAAGTCATACC-1,-6.7200875,7.2848554
CTACCCAAGTGCCCGT-1,9.440602,8.269554
CTACCCACAAATAGCA-1,-4.7149563,4.524837
CTACCCATCTCTGAGA-1,-7.122197,8.854917
CTACCTGAGGCGCTTC-1,8.080966,-0.8573362
CTACCTGCATGGGTCC-1,10.844926,1.4043404
CTACGGGAGTACCCTA-1,10.469823,3.591481
CTACGGGTCCTTGACC-1,-4.710542,1.202738
CTACTATCATTCTTCA-1,1.2885599,1.2904586
CTACTATTCACAGTGT-1,10.337029,6.0504465
CTAGACAAGATCCCAT-1,9.961817,1.4935565
CTAGGTACAGAGTGAC-1,10.182605,1.5252144
CTAGGTACAGCGTACC-1,6.0139546,0.79871523
CTAGGTAGTAGCTTAC-1,-6.685584,6.682493
CTAGGTAGTTATGACC-1,5.6907196,0.107869886
CTAGGTATCGAGCCAC-1,10.608396,2.1689842
CTAGGTATCGATACTG-1,-4.9056387,8.408506
CTATAGGAGGGAGGAC-1,10.400027,5.268988
CTATAGGGTCTTCATT-1,8.119564,-3.554777
CTATCCGCATCCTATT-1,-1.7355027,3.0312042
CTATCCGGTCTGATCA-1,11.154415,1.8690826
CTATCTATCGATTGAC-1,9.319747,-0.5511683
CTCAACCTCCCATTTA-1,11.47728,1.865159
CTCAAGAAGCGCCATC-1,-6.62075,6.580635
CTCAAGACAGCTCCTT-1,-8.990966,-3.6731734
CTCAAGACATCGATAC-1,7.368151,-2.3307483
CTCAAGAGTTCGGCGT-1,7.1763206,-0.46417433
CTCAAGATCTTCTGTA-1,-6.5647635,7.724777
CTCAATTAGATAGCAT-1,6.7226996,-5.499962
CTCAATTCAACACGAG-1,-8.376234,-5.5437956
CTCACTGCACTACGGC-1,-6.7594976,8.296604
CTCAGAAGTCAAGCCC-1,6.7663255,-2.9736629
CTCAGAATCGAACTCA-1,-3.2183535,3.6395872
CTCAGAATCGATGCTA-1,-4.7170153,2.996259
CTCAGAATCGGCATCG-1,10.351205,6.1697054
CTCAGTCCATCGGTTA-1,-5.2998233,7.511451
CTCAGTCTCTCCCAAC-1,9.483968,8.175806
CTCATCGAGTACGTCT-1,-8.512717,-6.887699
CTCATGCAGCAACAGC-1,7.7625084,-2.7332838
CTCATGCCAGCTATTG-1,10.784487,3.5691774
CTCATTAAGAAGCCAC-1,-4.18588,4.684942
CTCATTAGTGTAGTGG-1,10.57757,4.7108793
CTCATTATCGATTGGT-1,10.114388,6.535888
CTCCAACAGCCGAACA-1,-4.220238,4.708209
CTCCAACAGCGCATCC-1,-6.273491,9.219391
CTCCAACCATTCGATG-1,9.540059,7.58438
CTCCAACGTCATTGCA-1,6.541604,-2.9694421
CTCCAACGTTAGAAGT-1,-6.7806406,7.82041
CTCCACAGTTACGTAC-1,7.7390985,-3.5809078
CTCCATGCAGGATCTT-1,-2.0771866,3.6980133
CTCCATGCATGTAACC-1,-4.6631684,0.9740063
CTCCATGGTATTTCCT-1,10.214426,-0.22603288
CTCCATGGTTCCGCGA-1,-7.992114,-3.9376197
CTCCCAATCGCTAAAC-1,10.718861,0.12164665
CTCCCAATCTCTCCGA-1,6.154894,0.445198
CTCCCTCAGCATCGAG-1,-4.0239935,2.8086174
CTCCCTCCATAGATGA-1,-5.3475733,2.2831771
CTCCCTCGTGGGAGAG-1,7.07913,-2.9767258
CTCCTCCCAACTGCTA-1,-4.988164,2.4168887
CTCCTCCGTAGGCTCC-1,7.8692355,-2.3305643
CTCCTTTAGACCTTTG-1,-5.298904,2.0403385
CTCCTTTGTACCTTCC-1,-7.0322123,-3.0365438
CTCTCAGGTACGTTCA-1,-5.0419216,3.538761
CTCTCGAAGTGGTGGT-1,10.187832,6.4046063
CTCTCGAAGTTGCATC-1,7.6512184,-0.33034587
CTCTCGACAACAGAGC-1,-5.2059274,1.8340232
CTCTCGACACGGATCC-1,-6.469361,-3.4402015
CTCTGGTGTTCCTAGA-1,-4.630163,1.0644578
CTGAATGTCACTAGCA-1,11.212841,2.2056706
CTGAGGCAGTTTGTCG-1,9.242775,8.091221
CTGAGGCTCGGCCAAC-1,5.897633,0.379221
CTGCAGGAGGTAAGAG-1,8.828239,-1.0328506
CTGCAGGTCATTCCTA-1,10.598831,-0.12115889
CTGCATCAGTGTCATC-1,12.089343,0.3751883
CTGCATCTCATGGGAG-1,-6.363357,8.088968
CTGCATCTCGAGTCTA-1,-5.3736587,6.790124
CTGCCATAGGCTGAAC-1,6.9269404,-4.774505
CTGCCATCAAATCAAG-1,10.215651,2.879241
CTGCCTACACAAATAG-1,6.6060205,-4.3162017
CTGCCTACACATAGCT-1,10.593525,-0.17104709
CTGCCTACACTAGTAC-1,-6.2083406,8.471471
CTGCCTACATCTAGAC-1,-4.870245,2.847259
CTGCCTAGTCACAATC-1,10.516799,4.4231687
CTGCTCAGTACAGTCT-1,-8.60356,-6.267306
CTGGACGAGCTGCGAA-1,10.575513,3.0843902
CTGGACGGTGACTCTA-1,-5.279742,4.518696
CTGGACGTCCTACCAC-1,-1.9891901,3.6598103
CTGGCAGCACACACTA-1,10.26003,0.5213936
CTGGCAGCACATGTTG-1,-7.818631,-4.8379087
CTGGTCTAGGTCACTT-1,-5.1131525,5.0671973
CTGGTCTCACTACCGG-1,-8.199845,-3.6271188
CTGGTCTCAGAACGCA-1,6.456008,-2.8290477
CTGGTCTGTCCGACGT-1,-2.0932362,2.9342654
CTGGTCTTCCTGCTAC-1,-5.8759007,7.7499485
CTGTACCCAAGGACAC-1,-7.9196467,2.3207457
CTGTACCCATCAGTGT-1,10.422398,5.2786837
CTGTACCGTTGGAGAC-1,10.96798,1.4237357
CTGTAGACACACCAGC-1,-2.4191957,3.8526947
CTGTAGACAGATCACT-1,11.810019,0.27753484
CTGTAGATCCACTAGA-1,-6.264168,9.125721
CTGTAGATCTCCGTGT-1,7.253524,-3.499213
CTGTATTCATGTTTGG-1,1.4628463,1.1667219
CTGTCGTAGTTGTCGT-1,-7.818283,-7.4773364
CTGTCGTCAACCCTAA-1,-4.995812,8.703713
CTGTCGTTCTCGACGG-1,-4.944832,3.2652793
CTGTGGGCAGCGTACC-1,10.027218,1.3985375
CTGTGGGGTACTTCCC-1,9.1478195,7.966279
CTTACCGCACACGTGC-1,7.64599,-0.5145914
CTTAGGACAGTTGAAA-1,-9.347388,-4.66213
CTTAGGACATAGACTC-1,-5.5009217,5.6720223
CTTAGGAGTGCGACAA-1,10.4340315,2.0240028
CTTCAATAGCCGTAAG-1,-6.7063437,8.977093
CTTCAATAGGCCATAG-1,11.681039,1.1264576
CTTCCGATCGGTTGTA-1,-8.360418,-3.3369548
CTTCCTTCAGTCTTCC-1,1.3928871,0.9973863
CTTCCTTGTTTACTGG-1,-2.8447776,3.259803
CTTCGGTAGCCGTAAG-1,-5.8145094,7.833778
CTTCGGTAGCTTCTAG-1,7.591109,-3.028241
CTTCGGTGTACTCCGG-1,10.5917225,4.2241344
CTTCGGTTCCGCTAGG-1,7.7121515,-0.6885003
CTTCTAAAGTGAGTGC-1,11.829058,1.0145087
CTTCTAAGTACAATAG-1,10.316708,2.193115
CTTGATTAGTAGGATT-1,6.915664,-3.7105026
CTTGATTCACATTACG-1,1.2903856,1.3558086
CTTGATTCATCAGTCA-1,7.0333753,-5.207828
CTTTCAATCAGTGGGA-1,-5.113897,2.5252948
CTTTCGGAGTAAGACT-1,10.832466,2.3833065
CTTTCGGGTGCTCTCT-1,9.883269,0.8575208
GAAATGATCAAATGAG-1,-7.195313,2.5785506
GAACACTAGCCTCGTG-1,1.2238618,1.5941309
GAACGTTAGCTAGCCC-1,10.506661,0.75977117
GAAGAATTCCTGGCTT-1,10.103315,3.0623279
GAAGCCCAGTGTAGAT-1,0.54787356,7.930441
GAAGCCCTCTCTGACC-1,-4.9504027,4.6844077
GAAGCGACAAGAATGT-1,-8.091512,2.2525785
GAAGCGACACTGGAAG-1,-4.6580067,3.648094
GAAGCGACATTCAGGT-1,-6.1003485,9.28523
GAAGGACGTGTTAACC-1,8.706638,-0.7461909
GAAGGACTCCTCTGCA-1,-6.512012,5.8796887
GAAGTAAAGGGCAACT-1,-8.403704,-6.0031276
GAAGTAACACTCGATA-1,-5.1583304,5.668099
GAAGTAAGTCGTTTCC-1,7.75778,-4.0275064
GAATAGATCGGAAGGT-1,9.138969,8.271769
GAATCACAGAGAGGTA-1,-7.955941,2.4001908
GAATCACGTAGACTGG-1,5.770068,0.8927199
GAATCACTCTGAATGC-1,5.218795,0.91710323
GAATCGTTCAAGGCTT-1,5.857317,-4.1499624
GAATCGTTCATGCATG-1,10.390778,5.773525
GAATCGTTCGTTGTTT-1,-2.1447377,2.876221
GACACGCTCAAGAGGC-1,-5.7026496,3.9461927
GACAGCCAGAGCATTA-1,-7.8791094,-5.667134
GACATCACAAGAAATC-1,-6.600284,5.802792
GACCAATCATGACGGA-1,-2.427502,3.9462414
GACCAATTCCCTCTAG-1,6.380574,-4.5089183
GACCAATTCGGCCAAC-1,10.172724,6.465293
GACCCAGAGTTCACTG-1,11.934704,0.34835234
GACCCAGCAAAGCTCT-1,-7.683622,2.4962654
GACCCAGTCTACAGGT-1,11.63995,-0.15174796
GACCCTTAGACATAAC-1,-1.6792995,3.1176624
GACCCTTGTATCGCTA-1,6.154809,-3.0246277
GACCGTGAGAGTGTGC-1,-6.8900323,2.6439652
GACCGTGTCCGAAGGA-1,-9.073369,-4.4154654
GACCTTCAGCAACCAG-1,-6.9699416,7.429632
GACCTTCTCCGTGTCT-1,-6.753064,2.9467065
GACCTTCTCTTACGTT-1,-6.1512136,8.6752405
GACGTTACAGACCCGT-1,6.142514,-3.5404549
GACGTTAGTACACGCC-1,11.06844,2.3929374
GACGTTAGTGAGTGAC-1,10.381536,5.8989887
GACTATGAGGGTTAAT-1,10.674373,-0.3604373
GACTATGCAGAAATCA-1,10.5913105,1.0344944
GACTATGTCGCCGAGT-1,-3.5191898,3.737037
GACTCAAAGGTACCTT-1,-6.791205,-3.3187888
GACTCTCAGTATGGCG-1,6.2888093,-4.3498383
GACTCTCTCCTGCTAC-1,9.310998,8.114528
GACTGATGTCCCACGA-1,7.9526906,-2.7073858
GACTGATTCGGAAGGT-1,6.4918847,-0.18368998
GAGAAATAGCGATCGA-1,-4.99923,3.5293634
GAGAAATCATGTAACC-1,7.368713,-3.393291
GAGACCCGTACGATTC-1,-2.8407207,3.5497766
GAGACCCTCACTGTCC-1,10.397433,-0.87407964
GAGACTTGTACCTTCC-1,-6.9236317,8.71831
GAGACTTGTTAACAGA-1,-7.900992,2.3301218
GAGAGGTAGGCATGGT-1,6.1208878,-3.533301
GAGAGGTGTCCTCCTA-1,-7.845261,-3.8669565
GAGATGGCAGCGTTGC-1,7.6190047,-2.8928635
GAGCCTGGTTATCTGG-1,1.2883403,1.5570964
GAGCCTGTCCCAAGCG-1,10.582143,4.451536
GAGCCTGTCTATCGTT-1,-6.3633533,8.21254
GAGCTGCAGATCCGAG-1,10.058303,0.0893041
GAGCTGCAGCATCCCG-1,10.12744,2.218595
GAGCTGCGTATTCCTT-1,-6.70602,8.834309
GAGGCAAAGCGTCAAG-1,-6.4095984,-3.4605045
GAGGCAAAGTCGGCCT-1,10.456027,5.182016
GAGGCAACAAAGCAAT-1,5.999791,0.8867518
GAGGCAACAATGCAGG-1,-6.7947946,6.735512
GAGGCCTAGCATGTTC-1,-5.0437274,2.091638
GAGGCCTGTATGATCC-1,10.420116,2.1828668
GAGGCCTGTCAGACGA-1,5.917245,-4.5270047
GAGGCCTGTCGTGCCA-1,11.544664,0.8877987
GAGGCCTTCCGTGACG-1,-4.622919,2.6462336
GAGGGATTCCTCAGAA-1,6.7785983,0.20956276
GAGGGTATCGGTCGGT-1,10.106482,3.4209447
GAGTCATAGAGCTTTC-1,-5.4708567,4.286944
GAGTCTAGTGGTCCGT-1,6.01755,-4.5713897
GAGTCTAGTTCAAGGG-1,-9.012685,-6.1588
GAGTCTATCTTCTGTA-1,9.051933,7.949792
GAGTTACCATGGAACG-1,-4.480656,2.7025282
GAGTTGTAGGATTCCT-1,6.2083,-4.543982
GAGTTGTAGTCGAGGT-1,-6.823634,7.8596644
GAGTTGTAGTCTGCGC-1,-8.592067,-4.4133134
GAGTTGTGTAGCGATG-1,10.568596,4.822559
GAGTTGTTCCTCGATC-1,6.5664206,-4.481617
GAGTTTGCACAAGCTT-1,6.759438,-4.9036965
GAGTTTGCATGAGATA-1,9.3264,8.209987
GAGTTTGGTATACCCA-1,7.5849547,-2.6049683
GATAGAAAGACTAGAT-1,10.747815,0.32715997
GATAGAAAGGATATGT-1,9.690105,1.1477957
GATAGAACAGCGATTT-1,10.375658,5.954783
GATAGAACAGCGCTTG-1,-4.545925,2.7874305
GATAGAATCTAGGCCG-1,-5.042935,7.18227
GATAGCTTCATTCACT-1,8.070575,-2.2200065
GATCACAGTACTCGAT-1,10.449523,4.0249586
GATCACAGTAGGTTTC-1,11.424224,1.720084
GATCAGTAGTCTGGAG-1,-8.130448,2.304457
GATCCCTAGTCCTACA-1,-7.203135,7.9907875
GATCCCTCAACAGTGG-1,9.109962,8.374724
GATCGTAAGCCTGAAG-1,6.518869,-2.7466927
GATGAGGGTATTTCGG-1,6.0239525,-3.562307
GATGAGGTCCCGTTCA-1,1.1818271,1.0532699
GATGATCGTCGTTATG-1,7.7821045,-3.515436
GATGATCGTGTACGCC-1,7.662638,-0.22790721
GATGCTAAGACATATG-1,-9.314042,-4.4814634
GATGCTAGTCAGATTC-1,-9.2819195,1.9587426
GATGCTATCTACCTTA-1,-8.617089,-6.1344547
GATGCTATCTGTGCTC-1,-9.20785,-5.7117558
GATGGAGCAATCGCCG-1,-3.7442064,4.5012546
GATGGAGCATTAGGAA-1,-8.814689,-3.8422253
GATTCGAAGGCATCAG-1,6.7275786,-2.5371158
GATTCTTTCACTGGGC-1,-8.271794,-4.920174
GATTGGTTCGAGTGGA-1,10.465929,4.487354
GATTTCTAGCATCCCG-1,-8.164601,-4.012833
GATTTCTAGGTGCATG-1,6.583234,-1.8499873
GATTTCTGTGCCTGCA-1,-7.7106714,-4.35195
GCAACATAGGTCTACT-1,-5.505574,2.4333062
GCAACATGTACGACTT-1,-5.106436,3.5544286
GCAACATGTGCAACGA-1,11.566164,0.19152148
GCAACATTCACCGACG-1,-5.6395254,7.9177337
GCACGTGAGGTCACTT-1,-7.6742992,2.5448995
GCACGTGCACGAGGTA-1,-8.089157,-4.2099175
GCACGTGGTATCGTTG-1,-9.115755,1.9913322
GCACGTGTCATTGCTT-1,-8.300736,-6.6099496
GCACTAAAGGTACATA-1,6.858011,-3.6260273
GCACTAACAAGATTGA-1,9.74238,1.109058
GCACTAAGTTTGGGAG-1,6.425649,-5.043027
GCACTAATCTATTCGT-1,0.4311346,7.99689
GCAGCCACATTAAAGG-1,-7.686804,2.517282
GCAGCCATCCTAAACG-1,-4.933643,8.807357
GCAGCCATCGGCTTGG-1,0.4106866,8.035575
GCAGGCTAGCGTACAG-1,6.376551,-2.7624116
GCATCTCAGACTGTTC-1,-5.0683694,7.14252
GCATCTCAGGACGGAG-1,6.673129,-4.358384
GCATCTCTCAGCCTCT-1,-7.27837,8.029509
GCATGATGTTCGATTG-1,10.299557,4.159192
GCATGATTCACTTTGT-1,10.305766,-0.44316676
GCATTAGGTACCAGAG-1,10.484485,5.0124164
GCATTAGTCAACTGAC-1,-9.022851,-4.037506
GCATTAGTCACCATAG-1,10.849398,-0.7988107
GCCAACGCAAGCACCC-1,-7.1182494,2.3819804
GCCAACGCAATTGTGC-1,-7.0395155,8.850577
GCCAGCACACGGTGCT-1,7.9591203,-2.0108163
GCCAGCAGTTGCGGAA-1,-8.590617,-4.0228424
GCCAGGTAGCCTCCAG-1,11.893973,1.0115784
GCCAGGTAGCTGCCAC-1,7.9677587,-3.2412038
GCCAGGTGTGAGCGAT-1,10.203456,3.13927
GCCATGGCATGTTCGA-1,-4.951362,1.6413506
GCCATTCCATTGCCTC-1,-7.2714057,2.4515934
GCCATTCGTGGAGGTT-1,5.854161,1.1668112
GCCCAGAGTCATTCCC-1,-2.3412614,3.85735
GCCCAGATCGAGAACG-1,9.990685,6.757327
GCCCGAAAGCAGAAAG-1,-9.024617,-3.8569174
GCCCGAACACATGAAA-1,-6.271041,8.454704
GCCCGAATCTCATTAC-1,1.2898511,1.1665212
GCCGATGCAAGTGACG-1,-5.202619,6.778558
GCCGATGCAAGTTGGG-1,-4.8136296,1.567786
GCCGATGCACATTCTT-1,-7.192591,7.491778
GCCGATGTCTTTCAGT-1,6.836635,-4.075521
GCCGTGACAAATCGGG-1,11.219093,2.0271327
GCCTGTTAGGCAATGC-1,6.0477204,1.0863533
GCCTGTTCAGCGATTT-1,5.7731447,0.8144117
GCCTGTTCATCACAGT-1,7.7822766,-0.6658707
GCCTGTTCATGGGTCC-1,-6.12225,7.4287868
GCCTGTTTCAACACGT-1,9.548902,8.419577
GCGAGAAAGAAATGGG-1,10.227362,6.2999687
GCGAGAAAGATCGCTT-1,-6.5230417,8.543545
GCGAGAAGTGAATATG-1,-6.926125,8.361161
GCGTTTCAGCAACAAT-1,6.311321,-3.3051424
GCGTTTCTCCTTCGAC-1,-6.118131,7.694584
GCTACAACACTATCCC-1,-7.8629646,2.2959988
GCTACAATCTCCAATT-1,-7.7405233,2.5539834
GCTACCTAGAAGATCT-1,7.0782766,-2.605477
GCTACCTAGCAGGTCA-1,-9.0612545,-4.8979993
GCTACCTCACTGCTTC-1,11.339239,1.596924
GCTACCTCAGTCTGGC-1,-5.470086,2.6451705
GCTACCTCATCAACCA-1,-6.697449,9.213167
GCTACCTCATTCCTCG-1,9.35167,8.509499
GCTCAAAAGGTTCACT-1,10.0580845,-0.0011079623
GCTCAAACAACACGAG-1,-9.444864,-5.0231857
GCTCAAAGTCGGCACT-1,7.6312923,-4.5530376
GCTCAAATCAGCCTCT-1,-5.872569,9.15105
GCTGAATAGGGAGTTC-1,7.1461015,-0.3265619
GCTGCAGTCTGAGAGG-1,12.0256195,0.6667385
GCTGGGTCATAACAGA-1,-6.4762197,5.8749895
GCTGGGTTCGAGAAAT-1,8.224293,-1.8542213
GCTTGGGGTCGCTTAA-1,-8.050428,-4.781975
GCTTGGGTCAAGAGGC-1,6.7788105,-4.547424
GCTTTCGAGCACTAAA-1,-7.79038,2.2526622
GCTTTCGCACACCTAA-1,-6.2953305,8.538153
GGAAGTGTCGTGCGAC-1,-8.694973,-4.237289
GGAATCTCAACACTAC-1,-8.296216,-7.922482
GGAATGGTCCACTAGA-1,10.466385,-0.3431967
GGACGTCAGTCAAGCG-1,12.029382,0.46359074
GGACGTCCACGGCTAC-1,9.1519165,8.067863
GGAGAACGTGGCTAGA-1,7.719501,-4.2671547
GGAGATGTCGTCTAAG-1,1.2741432,1.3610955
GGAGCAACAATCCTAG-1,10.404447,4.820895
GGAGCAACATAGGTTC-1,10.450592,0.17769834
GGAGCAATCATTTGTC-1,-6.6662936,8.637742
GGAGGATGTCTTCTAT-1,-8.440647,-4.8676405
GGAGGTACATGCCGGT-1,11.387723,2.3863065
GGAGGTAGTACACGCC-1,-9.13248,-4.038885
GGATCTATCGAATCCA-1,10.570542,0.53982437
GGATGTTAGAGAGTTT-1,6.9563246,-4.591753
GGATGTTGTTATCTTC-1,0.4587022,7.8802056
GGATGTTTCTTCGATT-1,11.126004,0.8904996
GGCACGTAGCCAAGCA-1,-6.73903,-2.5658898
GGCAGTCTCCTCATAT-1,7.58545,-2.1119883
GGCAGTCTCGCAATGT-1,6.5415535,-3.6841807
GGCGTCAAGCATCAAA-1,10.423771,4.191415
GGCTGTGAGCTGGTGA-1,10.577271,4.509706
GGCTGTGTCTCGACGG-1,9.259106,-0.58074117
GGCTTGGGTGACTAAA-1,8.627241,-0.6477704
GGCTTTCTCAGCGGAA-1,-6.1438556,7.1522064
GGCTTTCTCGCTACAA-1,-9.302228,1.9837139
GGCTTTCTCTTCGATT-1,-5.9096293,8.05334
GGGAAGTGTGCGGATA-1,6.1883364,0.8167456
GGGAAGTTCCGCAACG-1,-4.763967,1.2378378
GGGACAAAGGGTAGCT-1,8.81312,-0.09934802
GGGACAATCTCAGAAC-1,-8.738209,-5.389528
GGGACCTAGTTGGAGC-1,-6.895976,-3.3408892
GGGACCTCAAACACGG-1,-6.2972856,5.2362022
GGGACTCGTCCAATCA-1,-5.379722,7.0051517
GGGACTCGTTCGAAGG-1,10.2978735,3.6564949
GGGAGATCAGGTTCCG-1,11.151748,1.0560653
GGGAGTAGTGCCGAAA-1,10.735475,2.8159895
GGGAGTATCGCAGTGC-1,-3.0814328,3.8320737
GGGATCCAGATTCGCT-1,-5.5262423,2.7409527
GGGATCCGTATGTGTC-1,10.49579,4.2437377
GGGATCCGTTGGTAGG-1,6.1861076,-4.326592
GGGCGTTCAGCAGGAT-1,6.1722817,-3.2561364
GGGCTACGTAGGCTCC-1,-2.5050778,4.3074164
GGGCTACTCTACTATC-1,10.73227,2.3871837
GGGCTCACAATAACCC-1,5.5755196,0.92204285
GGGCTCAGTCAACGCC-1,-8.341957,-4.4417706
GGGCTCATCACGGAGA-1,-3.910781,3.8065178
GGGTATTCAGCTATTG-1,-6.483687,8.749771
GGGTCACAGTGGCGAT-1,6.456488,-3.1248403
GGGTCACTCTGGCCGA-1,11.827782,1.213194
GGGTCTGAGCGTGAGT-1,6.7178926,-3.1777759
GGGTCTGAGTAGTGCG-1,-6.6482053,8.190569
GGGTCTGTCTGAGTCA-1,-5.3357306,6.2866645
GGGTGAAAGCTTTCCC-1,9.529889,8.198202
GGGTGAAGTCTTCCGT-1,-7.0480285,8.447244
GGGTGTCCAAGAGATT-1,10.451388,5.1119514
GGGTGTCTCCCGAAAT-1,10.304853,6.133737
GGGTTTACATGTCTAG-1,-6.3001223,9.096412
GGTAACTAGACTTCGT-1,-6.5349708,9.218796
GGTAACTAGTGTTGAA-1,5.9744873,0.15750845
GGTAACTGTACTTCCC-1,7.5105076,-2.9409094
GGTAACTGTTGTCTAG-1,1.3884349,1.1075766
GGTAACTTCGCTCCTA-1,11.163518,1.2545993
GGTAATCCAATAACGA-1,-5.9889674,9.075176
GGTAATCTCGACCCAG-1,6.767953,-5.291303
GGTAGAGAGTCTAGAA-1,7.168973,-5.202028
GGTAGAGTCGCTTGCT-1,10.864793,2.8908427
GGTCACGCAAGTCCAT-1,10.534669,3.0576859
GGTCACGGTCTTGAAC-1,10.806291,0.3604144
GGTCACGTCATGGATC-1,0.44321015,8.012468
GGTCTGGTCAGGCGAA-1,10.361547,5.6972346
GGTGAAGCATCAGCAT-1,10.088339,2.9041822
GGTGAAGTCCTATTTG-1,-8.717077,-5.5660505
GGTGATTCACCGGTCA-1,6.4995623,-2.5658803
GGTGATTTCCTACCGT-1,-6.047263,7.916171
GGTGGCTAGAAGCTGC-1,10.741423,2.1402223
GGTGGCTGTAACCCGC-1,9.726062,-0.066420585
GGTGTCGTCACCATAG-1,-7.7780695,-7.7923484
GGTGTCGTCTACGCAA-1,-5.161517,2.4236336
GGTTAACGTCAAAGCG-1,-5.897128,8.848796
GGTTAACGTCTTGAGT-1,-2.1072545,3.500149
GGTTCTCAGTGTTGAA-1,6.096727,-4.8830633
GGTTCTCGTGTACATC-1,1.428228,1.406191
GGTTGTACAAACTAAG-1,11.448832,1.4172004
GGTTGTATCAGGAGAC-1,10.433373,0.27289635
GTAACACCATAATCGC-1,-8.518936,-4.2546735
GTAACCAAGTTCCGGC-1,-5.636618,7.6749988
GTAAGTCAGCACGATG-1,6.44834,-2.878562
GTAAGTCCACTCATAG-1,0.5191108,7.8718753
GTAATCGAGAGCCTGA-1,11.86139,0.78191274
GTAATCGGTCAGGTAG-1,-4.9037094,7.006806
GTAATCGGTCGAACGA-1,1.3587458,1.2306327
GTAATCGGTCGATTCA-1,-3.9233754,4.5632753
GTAATCGGTGTTACAC-1,8.0187,-3.5035205
GTAATCGTCTTTGCAT-1,10.959598,2.2038622
GTACAACGTCTTGAGT-1,7.670364,-2.7906735
GTAGAAACAGATTAAG-1,6.991361,-4.3037076
GTAGAAAGTATCCCAA-1,-1.90068,3.4452727
GTAGATCGTTGGACCC-1,-6.682143,7.412633
GTAGGAGCAACAAGTA-1,10.711606,-0.40676573
GTAGGAGGTCGAGATG-1,7.5673027,-0.50600886
GTAGGAGGTGTATTGC-1,10.896762,0.5811513
GTAGGTTCATACAGCT-1,11.180483,1.0038856
GTAGTACAGGGTATAT-1,-2.5380976,3.9664876
GTAGTACGTAAGAACT-1,-4.9517922,2.6161397
GTATTTCCAAGAGTTA-1,5.9986634,-4.277782
GTATTTCCATTGCTGA-1,-6.3852625,5.6207523
GTCAAACTCGTCTAAG-1,7.628538,-3.6466446
GTCAAGTTCCGTAATG-1,10.75822,2.779688
GTCAAGTTCGGAGTGA-1,7.3822064,-3.517407
GTCACGGAGCCAAGCA-1,-5.0443115,4.900876
GTCACGGAGCTAGATA-1,-9.273247,1.9771956
GTCACGGTCGAGTACT-1,11.304893,0.8097199
GTCACTCCAACCCGCA-1,5.750522,1.137733
GTCACTCGTGGAACCA-1,10.643394,1.5864522
GTCAGCGGTCGGCTAC-1,-4.95509,5.2789364
GTCATCCAGCCTCTTC-1,-8.798051,-6.599775
GTCATCCCAATCGCGC-1,6.415684,-3.819206
GTCATCCTCATCGCCT-1,7.3637867,-2.6868622
GTCATCCTCCATACAG-1,9.051426,7.9259195
GTCATGAAGTAAATGC-1,-5.068969,4.783347
GTCATGAGTTCTTGTT-1,7.84387,-1.673311
GTCATTTCACTCATAG-1,-6.0285473,4.064326
GTCATTTCAGGTCCGT-1,-5.604902,4.556901
GTCATTTGTTGATGTC-1,-6.235661,5.5744224
GTCCCATTCAGAGTGG-1,-6.7837625,-2.605535
GTCCTCATCTCTTCAA-1,-6.4811864,8.165968
GTCGCGAAGACCGCCT-1,6.492334,-0.0060844393
GTCGCGATCTCTCTAA-1,-9.252477,-5.1040354
GTCTACCAGAAAGCGA-1,-5.327159,3.3808243
GTCTACCAGGAAGAAC-1,5.314365,0.41608864
GTCTACCTCAGTCATG-1,10.383484,1.2638915
GTCTACCTCGGATAAA-1,-4.968428,3.897204
GTCTAGATCAAACCCA-1,10.816533,0.30411604
GTCTAGATCCTCATAT-1,11.696774,0.55398345
GTCTGTCCATCCGGTG-1,9.558401,8.550692
GTCTTTACAAGTTCCA-1,-6.1762714,4.8766346
GTCTTTAGTATCGCTA-1,6.3997254,-3.6170592
GTGAGTTCATAGAAAC-1,-2.4522822,3.3946412
GTGATGTTCACACCGG-1,7.8750286,-3.884727
GTGATGTTCAGCGCAC-1,-6.4474792,8.254866
GTGCTGGGTACGTTCA-1,-5.793594,2.56784
GTGCTGGTCAAGAGGC-1,-8.1619,-3.6896183
GTGCTGGTCATTCCTA-1,-5.009303,8.532251
GTGCTTCAGGCCACTC-1,6.6831765,-5.6957226
GTGCTTCGTTCCAGGC-1,11.770387,0.821239
GTGGAAGGTGTACAGG-1,-3.691832,3.7929065
GTGGAGAAGACGGAAA-1,-2.7796903,4.1900926
GTGGAGAAGCTGTACT-1,11.39145,1.1063317
GTGGGAACAGCCCAGT-1,-7.989261,-6.291657
GTGGTTACAGCTTTGA-1,-5.936443,3.6867654
GTGTCCTCAGCATCTA-1,-1.8989654,3.2398136
GTGTCCTTCTATTGTC-1,-4.847134,1.929441
GTGTGATCATAGGCGA-1,6.2645082,-2.8090477
GTGTGATGTTCAGCGC-1,-5.285412,3.6726816
GTGTTAGAGCATACTC-1,6.5481777,-4.3103275
GTGTTAGGTCTAGTGT-1,10.788525,2.2940223
GTGTTAGGTTAGGGTG-1,8.218781,-2.6565795
GTGTTAGGTTGGAGGT-1,6.867839,-3.785023
GTGTTCCGTTTACGTG-1,-7.1196947,-3.2919748
GTGTTCCTCAGAGTGG-1,-5.938022,8.574138
GTGTTCCTCCAGTTCC-1,9.737482,-0.22909053
GTTACAGAGACAACTA-1,7.9287047,-2.337277
GTTACCCCAGCAGACA-1,-8.031819,-7.845538
GTTACGATCATACGAC-1,7.614599,-2.8115315
GTTAGACCAACGTTAC-1,-2.8674843,4.1270537
GTTAGACGTCACGCTG-1,1.249806,0.9714138
GTTAGTGCACACGTGC-1,7.7238197,-4.4138026
GTTAGTGGTAGCTGTT-1,10.226879,3.1820102
GTTAGTGTCATTGCTT-1,-8.311131,2.1912444
GTTAGTGTCGAGCCTG-1,-4.7464757,2.9798324
GTTATGGTCATGGCCG-1,-8.1242895,-5.216371
GTTCCGTCAGAAGTTA-1,-5.2635465,4.3779445
GTTCTATCAACCCTCT-1,-8.473507,-6.384511
GTTCTATTCGGTCGGT-1,-4.5573177,2.5972943
GTTCTATTCTTGCAAG-1,11.538683,0.038534217
GTTGAACCATAGGCGA-1,10.583281,1.0810355
GTTGCTCAGAGCCGTA-1,5.890804,-3.7262735
GTTGCTCCAAGAGTTA-1,11.098067,1.5521003
GTTGCTCCAGCCGTTG-1,-4.192924,3.600098
GTTGTCCGTTGCTGAT-1,-8.836212,-5.531491
GTTGTGACACGCTATA-1,-6.0893297,9.215249
GTTGTGATCGGCCCAA-1,-2.2687721,2.9511788
GTTTACTTCGGCATTA-1,-9.207594,1.9723587
GTTTGGACACCACATA-1,-5.2700434,7.3763685
GTTTGGAGTAAGCAAT-1,-5.44012,7.165352
TAACACGAGTTCTCTT-1,6.807435,-2.9315104
TAACACGCAGAACGCA-1,-4.8830214,8.524683
TAACCAGAGTATTCCG-1,11.557236,0.050420195
TAACCAGCATGGCGCT-1,-6.550169,-3.3645186
TAACCAGGTATTTCTC-1,-8.266448,-3.8357925
TAACCAGGTGTTACAC-1,-6.70992,8.340372
TAACCAGTCCTTTGAT-1,-5.3392873,4.520877
TAACGACAGCACTCTA-1,10.266469,2.429142
TAACGACCACCCGTAG-1,8.976434,-0.7971592
TAACGACTCAGTAGGG-1,-6.898787,8.9379225
TAACTTCTCCTTCACG-1,-5.3530903,7.530931
TAACTTCTCGACGATT-1,9.302623,8.4901
TAACTTCTCTCTGCTG-1,7.006897,-3.2704277
TAAGCACCAGAATGTA-1,-6.754145,7.756136
TAAGCACTCATTCACT-1,-8.890674,-5.6327653
TAAGCACTCCCATACC-1,-4.157776,4.115801
TAAGCACTCGTGGCTG-1,5.9004884,0.9672207
TAAGCCAGTACTGACT-1,-6.9003553,9.029744
TAAGCGTGTTCTTCAT-1,-5.6083493,8.895088
TAAGCGTTCTCATTAC-1,7.651989,-3.5387132
TAAGTCGCACTTGGGC-1,10.104099,3.4161053
TAATCTCCATCCGCGA-1,7.1634974,-2.1325788
TAATTCCAGTCAGCCC-1,-5.365398,4.706123
TAATTCCGTAGAGGAA-1,-5.007206,2.2146332
TAATTCCGTGCTATTG-1,9.454237,8.416206
TACAACGAGCGATGGT-1,-6.4959517,9.180545
TACAACGGTCTTGCTC-1,-9.174649,-4.0525856
TACAACGTCAGCTAGT-1,-6.6291413,6.814338
TACAACGTCGCTGACG-1,-7.3031173,2.5465684
TACACCCAGCAAACAT-1,-7.435296,8.0898
TACACCCTCCTGATAG-1,-4.854657,3.7397792
TACATTCAGACAACTA-1,7.884596,-4.296441
TACCCGTAGAGTGACC-1,6.3292603,-3.4510846
TACCCGTAGATGAATC-1,10.566824,3.1033847
TACCGAACAAAGCACG-1,7.4403806,-3.2996893
TACCGAACACGCGTCA-1,6.3307242,-0.17238767
TACCGAAGTAGATTGA-1,9.837505,0.58197343
TACCGAAGTGCCCTTT-1,-6.555192,8.688778
TACCGGGTCTGACGCG-1,7.051602,-4.452516
TACCTCGGTAGAGGAA-1,10.300035,6.075831
TACCTGCCAGGCTACC-1,7.4848766,-3.2872472
TACGCTCCAGGTGAGT-1,10.858109,1.1896923
TACGGGCCAGGACATG-1,-6.521057,8.6651
TACGGGCGTGGATGAC-1,-5.2728133,7.444365
TACGGTAGTCTCGCGA-1,11.032364,2.8342526
TACGGTAGTTTACGTG-1,10.213214,2.720876
TACGTCCCATCGTCCT-1,1.2104739,1.3507338
TACGTCCTCAACACGT-1,-5.3367047,3.345123
TACGTCCTCGTCCTCA-1,-4.750589,1.1921275
TACTGCCCAAGTTTGC-1,-8.353307,2.2149103
TACTTACCAACCGCTG-1,0.49569398,7.979975
TACTTCACAGAGTGTG-1,-6.455601,8.346316
TACTTCATCCCGTTGT-1,10.41835,0.7861698
TACTTGTAGGCCTTGC-1,11.637493,0.6666949
TACTTGTAGTTACTCG-1,-6.7043443,6.386689
TACTTGTCAAGCCATT-1,-8.160517,-3.649943
TACTTGTCACGTATAC-1,10.772631,1.0666882
TACTTGTCAGTCACGC-1,0.55764085,7.8683224
TAGACCAAGCTCTTCC-1,10.213524,0.20382401
TAGACCATCATGCCCT-1,-6.278553,9.2007475
TAGACTGAGAGGTTAT-1,-8.352436,-5.80098
TAGACTGGTGTGTCGC-1,6.4373283,-3.5079927
TAGACTGTCTAGACAC-1,9.228243,8.527803
TAGATCGCACTCCTTG-1,5.9603243,1.1188475
TAGATCGGTACAAGTA-1,-5.339625,3.7869966
TAGATCGTCCGTAGGC-1,5.994895,0.4157547
TAGCACATCGAGAAGC-1,-8.399873,-7.7114367
TAGGAGGCAGAAGTGC-1,-7.6405106,-7.765387
TAGGAGGGTCCTATAG-1,-1.9494227,2.7989478
TAGGGTTCATGGGATG-1,9.404307,8.089714
TAGGGTTGTGTCATCA-1,-8.895924,-5.4224133
TAGGGTTGTTGTAGCT-1,6.939001,-4.3919854
TAGGGTTTCCGTTGAA-1,10.991633,-0.67095745
TAGGGTTTCCTCTGCA-1,5.4745517,1.0174232
TAGGGTTTCGCCATAA-1,6.632073,-5.4389534
TAGGTACGTCATCCCT-1,-6.7517166,6.4607
TAGGTACTCGTGCAGC-1,-8.241427,-6.349789
TAGTGCAGTCCGGTGT-1,9.966972,1.8884815
TAGTGCAGTCGCTTGG-1,-7.4904504,2.5424857
TATACCTTCTGGCCAG-1,1.3745965,1.4381078
TATACCTTCTGGCCGA-1,10.379022,1.7152584
TATATCCGTTAAACAG-1,10.42634,-0.2677834
TATCGCCGTAGACGGT-1,-6.901823,7.106445
TATCTGTAGAACTGAT-1,11.102805,1.3840487
TATCTGTCACTCATAG-1,-6.9939036,7.7585077
TATCTGTTCAAAGCCT-1,-8.094644,-3.8973045
TATCTGTTCCTAGCCT-1,-6.810437,6.270421
TATCTTGAGGTGAGCT-1,-4.958539,2.9003656
TATCTTGGTCCTCCTA-1,-8.666669,-3.2869496
TATCTTGGTCGTACAT-1,-9.118372,-4.462847
TATCTTGGTTTCACAG-1,5.462662,0.08375112
TATGTTCTCGCTAGCG-1,7.3301034,-3.2237928
TATTGCTGTTGGACTT-1,-7.5614147,-3.431974
TATTGCTTCTCCACTG-1,7.2678223,-3.0692596
TATTGGGGTCGAACGA-1,10.681708,1.2845899
TATTGGGGTGGACCAA-1,11.361232,2.0401435
TATTGGGTCAGTCACA-1,-8.332716,-3.718682
TATTTCGAGAGTCAAT-1,10.315689,5.0156274
TATTTCGAGCTTGTGT-1,-6.161508,8.76919
TATTTCGTCATGAGGG-1,10.288597,6.0619946
TCAAGCAAGATGTTAG-1,-7.7961307,-5.989163
TCAAGTGTCTACACAG-1,10.809442,0.5060353
TCAATCTCAACTACGT-1,7.498875,-2.6057312
TCAATCTTCCAATGCA-1,8.386642,-1.5846512
TCACAAGCACTTGTGA-1,10.209545,6.435764
TCACAAGGTCTCCTGT-1,10.556649,-0.12798189
TCACATTAGTGGGAAA-1,6.325367,-3.1618412
TCACGCTGTGGCCACT-1,1.3487432,1.308856
TCACGCTTCGAACGGA-1,6.856313,-4.464431
TCACGCTTCGGTTCAA-1,-4.910496,3.8104315
TCACGGGAGGTGAGAA-1,10.263936,4.7460995
TCACGGGCATCATCCC-1,1.2665241,0.9787096
TCACTCGCACTAGAGG-1,-6.3051243,7.280356
TCAGCCTCAACCCTCT-1,9.604936,-0.49300578
TCAGCCTCACGGTGTC-1,7.349125,-3.6921458
TCAGCCTCACTACACA-1,7.2599435,-0.36324486
TCAGCCTGTGGACTGA-1,6.440127,0.5360582
TCAGGGCAGCCTCTTC-1,-9.012884,-4.2764144
TCAGTGACATGGGATG-1,-2.4157228,3.651105
TCAGTGATCGCCATAA-1,-7.990582,-5.477093
TCAGTTTCAGCTGTGC-1,-8.785053,-3.5393147
TCAGTTTTCCTAAACG-1,6.80369,-3.5502923
TCATACTTCACGACTA-1,11.031596,0.7861398
TCATACTTCGACGAGA-1,10.10622,1.8390403
TCATACTTCTAAGGAA-1,10.087878,2.58109
TCATATCCAATTGCGT-1,7.4007344,-4.8979163
TCATATCGTAAGTAGT-1,-6.3541107,5.51747
TCATATCGTAGCTAAA-1,6.7846813,-4.659736
TCATCATGTCATAACC-1,-7.3683805,2.7900832
TCATCCGAGTTGAAGT-1,10.826405,2.352997
TCATCCGCACGTCTCT-1,7.1744885,-2.3323052
TCATCCGGTTTACCAG-1,10.667296,3.182503
TCATGAGCAAGCCATT-1,-8.735211,-4.5863814
TCATGCCCATCAGCAT-1,6.4787416,-4.4516044
TCATGCCGTCCTCAGG-1,-7.6248865,-7.662128
TCATGCCTCGGTTGTA-1,7.015035,-2.6842093
TCATGGAGTCTTCGAA-1,6.6050434,-3.53892
TCATGGATCAAATAGG-1,11.578534,0.69672525
TCATGGATCCGTTTCG-1,7.5232663,-4.3299966
TCATTACCAGTCTTCC-1,8.003796,-2.9501545
TCATTACGTCTACATG-1,-7.733755,-7.7007995
TCATTCACACGTAGTT-1,-5.8957505,8.281644
TCATTGTTCCCTCATG-1,11.434709,2.0798051
TCATTTGAGTAACAGT-1,10.959845,3.6274917
TCATTTGGTAGTCGGA-1,-6.7455916,-2.5746944
TCATTTGTCCATCGTC-1,-9.255793,-4.6926403
TCCACCATCACACCCT-1,5.4960895,0.017844256
TCCACGTGTACGATCT-1,11.873125,0.89322734
TCCACGTTCGCCAGTG-1,6.8852496,-4.283998
TCCAGAACAAAGACTA-1,-6.625805,8.281226
TCCAGAACATGCGTGC-1,10.63082,0.79806846
TCCAGAACATTACTCT-1,-5.983355,8.771172
TCCAGAAGTCCTCCAT-1,9.590725,8.229078
TCCATCGCAACGTATC-1,-5.2717643,8.822046
TCCATCGGTTAGGGTG-1,5.8212996,-3.9567397
TCCATCGGTTTACCAG-1,11.743672,0.07274525
TCCATCGTCATATGGC-1,-8.385986,-7.9292755
TCCATGCAGCCTATTG-1,10.497941,5.365938
TCCATGCTCCTCAGGG-1,7.4309483,-3.7509546
TCCCACACACCTGCAG-1,-8.535349,-3.6439972
TCCCAGTAGGCGAAGG-1,10.4716835,2.5704901
TCCCAGTCATGACTAC-1,-8.527707,-5.3864098
TCCCAGTTCTCCTGCA-1,9.194307,-0.625642
TCCCATGGTCCATCTC-1,-4.502835,2.3820245
TCCCATGGTGTCATTG-1,5.664192,0.3319347
TCCCATGTCGTCAAAC-1,10.760319,0.93799096
TCCGAAAGTAGCCAGA-1,-6.8256025,8.775423
TCCGAAATCGGCCCAA-1,7.43908,-4.2484255
TCCGGGAGTTTAGTCG-1,-2.1603482,3.9256442
TCCGTGTCACCCTCTA-1,-8.844851,-6.4482236
TCCGTGTTCAGTCATG-1,10.703193,3.8857074
TCCTAATAGAGGATCC-1,10.385779,0.15221034
TCCTAATAGCTACTAC-1,-6.426249,6.9801035
TCCTAATCAATGCAGG-1,6.223252,0.40935987
TCCTCCCTCGGCTCTT-1,8.070951,-0.86758065
TCCTCGAAGATAGCTA-1,-8.06558,-5.9405546
TCCTCGACACCTCTAC-1,11.29494,-0.28486064
TCCTCTTTCACTTGGA-1,9.265696,8.459134
TCCTGCATCAGCAGAG-1,-6.142735,7.8454833
TCCTTCTAGGGATCAC-1,0.41715318,8.008736
TCCTTCTGTAATTAGG-1,-6.4563107,-3.444147
TCCTTCTTCATGCCAA-1,12.032445,0.85238576
TCCTTTCAGCATGCAG-1,11.153174,0.3795933
TCCTTTCCAGTAGTGG-1,9.382365,7.9644775
TCGAACACACGGTGCT-1,-6.278241,7.846696
TCGAACACACTTGACA-1,9.817056,-0.2922245
TCGAAGTAGAGTGTGC-1,-3.845181,3.7677608
TCGAAGTCAGCACAGA-1,7.730607,-3.710672
TCGAAGTGTAGGTACG-1,5.6724973,0.46141034
TCGAAGTGTGCTCTCT-1,-8.716796,-4.6722603
TCGACCTAGGATATAC-1,1.37357,1.3575995
TCGACCTAGTCGTTAC-1,6.910529,-5.326014
TCGACCTCATAGTCAC-1,9.872758,0.7401889
TCGACCTGTTCCATTT-1,-8.493662,-6.046726
TCGACGGCACAAGCAG-1,7.2733116,-0.31319097
TCGACGGCACCTGCGA-1,-6.3202996,8.210004
TCGACGGCATGCTGCG-1,-5.8966928,7.102096
TCGATTTGTTCCGTTC-1,-5.002643,3.1697874
TCGCACTCAACGGGTA-1,-8.430218,-5.0649223
TCGCACTCAGGCTATT-1,6.1763496,-3.062292
TCGCACTGTCATACCA-1,6.9739122,-2.4429736
TCGCACTTCAGGTAAA-1,5.9679627,1.0313356
TCGCAGGAGCTGGTGA-1,-9.285942,-5.2491755
TCGCAGGCACACCGCA-1,5.726903,0.614487
TCGCAGGCACGGGTAA-1,-5.849828,5.094846
TCGCTCAAGTTGTAAG-1,6.337962,-4.9067144
TCGCTCACATGGGTCC-1,11.106375,0.28876716
TCGCTCAGTCGATTAC-1,-6.4411125,6.463915
TCGCTCATCCATACTT-1,-5.5541205,3.0708036
TCGCTTGGTCTTCGAA-1,6.5328646,-5.2837563
TCGCTTGTCAAATGAG-1,-5.7618737,9.114407
TCGGATAGTCCCGGTA-1,7.4695997,-0.24186882
TCGGGACCAACGGCCT-1,6.477814,-2.9753184
TCGGGACCAGGTTCCG-1,-6.6192956,8.997425
TCGGGACTCACGGAGA-1,-6.7036004,8.337735
TCGGGACTCGTGGTAT-1,-7.975606,-5.681513
TCGGGCACAATCACGT-1,5.8916445,0.0773619
TCGGGCACAATTGCTG-1,-7.856722,-3.6886914
TCGGGTGCACAGGATG-1,5.7477,1.0887183
TCGGTCTAGGCACTAG-1,8.802721,-0.7131665
TCGGTCTCAGGTGAGT-1,-6.13816,8.735797
TCGGTCTGTCGAGCAA-1,-4.8360147,3.4452014
TCGGTCTGTGAATGAT-1,-5.8335958,8.514221
TCGTAGAGTCTCAAGT-1,11.097303,3.0011756
TCGTCCACAGGCGATA-1,7.017718,0.0016670624
TCGTGCTGTTAACCTG-1,10.109269,1.650826
TCGTGCTGTTCGCGTG-1,9.169288,8.031114
TCGTGGGTCATTTGCT-1,10.819412,2.9110942
TCTAACTCATCCTCAC-1,11.221661,1.0665772
TCTAACTGTCGAGTGA-1,6.41816,-3.2392719
TCTACATTCCATAGGT-1,6.4462423,-4.3782673
TCTACATTCGAACGGA-1,-6.355381,8.711594
TCTACCGCACACAGAG-1,-4.903082,3.4735532
TCTACCGTCGGAATGG-1,11.971087,1.1257944
TCTATACAGCCTTGAT-1,9.64653,-0.68559533
TCTATACCACCCAAGC-1,-4.507231,4.856488
TCTCACGAGAGCATCG-1,8.2923355,-0.18619765
TCTCAGCAGGTCCGAA-1,-7.980653,-7.9425707
TCTCAGCAGGTTCACT-1,9.590066,0.49536496
TCTCCGATCACCTTAT-1,7.7223268,-2.383555
TCTCCGATCCTGATAG-1,-5.0947847,8.252
TCTCTGGAGCACCAGA-1,10.598045,0.33323374
TCTGCCACAACAGCTT-1,11.809268,-0.054828186
TCTGGCTGTCGGTGTC-1,10.9003935,2.8921857
TCTGGCTGTGTGTTTG-1,-2.3968396,4.190377
TCTGTCGCATGACGTT-1,10.262457,0.49679995
TCTTAGTAGGCTAGCA-1,-7.710045,-7.6605167
TCTTAGTTCGCTAATG-1,7.9692507,-2.1012769
TCTTAGTTCGTTCTCG-1,-2.4199479,3.791649
TCTTAGTTCTTCCTAA-1,5.674074,0.8853816
TCTTCCTAGGTTTGAA-1,-8.289863,2.2693145
TCTTCCTCACTAGGCC-1,-8.223708,-5.5560923
TCTTCCTCACTCCCTA-1,-7.3611236,2.3831291
TCTTCCTCATCTTCGC-1,-7.9375277,-7.901562
TCTTGCGTCACCTGTC-1,11.737606,1.1876698
TCTTGCGTCGGTTGTA-1,10.559425,1.3427652
TCTTTGAAGCCACCGT-1,10.883353,2.2898273
TGAACGTGTGAGGAAA-1,10.0782585,1.1012087
TGAACGTTCCAATCTT-1,-7.4156337,2.4776065
TGAACGTTCTCCGAGG-1,5.3111963,0.3956723
TGAATGCCATCAGCTA-1,-6.6481776,7.506471
TGAATGCGTGGCAACA-1,-6.2902656,8.485314
TGACAGTCATCTGCGG-1,-8.963554,-3.8790586
TGACCCTCAATGGCAG-1,-5.302611,1.850355
TGACCCTTCACCCATC-1,11.023381,3.7539127
TGACGCGAGGGCGAGA-1,-3.5199037,4.0206947
TGACGCGCAGGTGAGT-1,6.0860476,1.0872318
TGACGCGGTCTGTAAC-1,-4.8891964,2.7138944
TGACGCGGTGTCTTAG-1,6.8506446,-5.2864375
TGACTCCAGCCATTCA-1,11.604516,0.87469774
TGACTCCAGTCGTTAC-1,6.93148,-2.8526208
TGACTCCCAAGAGTGC-1,10.477661,0.87663335
TGAGACTCAGTGCGCT-1,9.586836,8.265581
TGAGACTGTCCAATCA-1,8.184151,-0.8216367
TGAGCATAGGTGTGAC-1,8.577389,-0.9362984
TGAGCATGTCACCGCA-1,-7.5900927,-3.9612074
TGAGCGCTCACAGTGT-1,-7.0741982,7.8752775
TGAGGAGGTCCAACGC-1,-4.627007,1.0408939
TGAGGAGGTCGTGGTC-1,-8.344068,-4.0286717
TGAGGAGTCTAGGCCG-1,-6.789869,8.529355
TGAGGGAGTGCATTAC-1,-6.415823,9.236888
TGAGGTTGTTACGGAG-1,-5.613411,6.571329
TGAGGTTGTTGAATCC-1,6.909774,-5.3960595
TGAGGTTGTTGATGTC-1,-1.9364371,2.9431615
TGAGTCAAGCGAGTCA-1,7.4964213,-4.4048657
TGAGTCACAGCTATTG-1,10.464624,2.651252
TGATCAGTCGAAGTGG-1,10.869841,4.366752
TGATCAGTCGCCAGTG-1,-7.611051,-6.248316
TGATCAGTCTCATTGT-1,10.662291,-0.62936306
TGATCTTGTAAGTTGA-1,5.9989634,-3.14884
TGATCTTGTACGACTT-1,10.147419,1.1833243
TGATCTTGTCTTACTT-1,10.409459,0.028553225
TGATGCACACACTTAG-1,-6.65515,8.479876
TGATGCACACTCAGAT-1,11.699449,1.5450996
TGATGCATCAATCTTC-1,-8.244918,-7.18705
TGATGCATCTCAGGCG-1,7.3914347,-0.52426344
TGATGGTGTGATGTAA-1,10.28388,-0.11852991
TGATTCTAGCCATTGT-1,-6.925152,8.083441
TGATTCTAGCTGACAG-1,6.3930964,0.44784734
TGATTCTTCTATCGTT-1,10.475959,4.122583
TGATTTCGTACTCCCT-1,11.162473,0.045340005
TGCACGGAGCCTCATA-1,6.4662366,-4.298826
TGCACGGCAATTAGGA-1,10.504878,2.6932166
TGCACGGGTTCCAGGC-1,-6.4117937,8.559813
TGCAGGCCAGCGTAGA-1,11.284006,1.8842613
TGCAGGCTCCTCGCAT-1,-5.9699993,7.9168916
TGCAGTACAGCTCGGT-1,7.447656,-5.0641265
TGCAGTAGTCTCTCAC-1,-8.434944,-6.03781
TGCATCCAGCCTCAGC-1,-8.850688,-4.789196
TGCATCCCAGAGGACT-1,7.48707,-0.17398119
TGCATCCGTCTCGACG-1,8.054407,-2.5906992
TGCATGACAATGGCCC-1,5.401747,0.31027558
TGCATGATCGATGCTA-1,10.319781,1.4005293
TGCCGAGAGGTCGCCT-1,5.473951,0.2349972
TGCGATACATGACTAC-1,-6.1862187,7.5532713
TGCGATATCAATCTTC-1,10.391406,2.0043197
TGCGGCACATAAGATG-1,6.212836,-4.7086244
TGCGGGTGTCGCGTTG-1,10.364691,3.9665036
TGCGGGTTCTGCTTAT-1,6.453113,-3.2887297
TGCTCCAAGCATATGA-1,-7.940811,-3.5968142
TGCTCCAAGGCTTTCA-1,-8.20529,-6.3319626
TGCTCGTAGCTGGTGA-1,-9.356435,1.9306567
TGCTCGTTCGATACTG-1,11.166043,2.6033325
TGCTGAAAGACTGTTC-1,-6.654319,7.9804096
TGCTGAATCCACAAGT-1,11.499797,0.12377486
TGCTTCGAGGTACATA-1,-4.946129,1.8715967
TGCTTCGCAACCTAAC-1,-6.856817,6.8362746
TGCTTCGCAACTGCCG-1,9.408868,8.590806
TGCTTCGGTTCACGAT-1,-7.8431225,-7.804353
TGCTTCGTCGCAGATT-1,8.121742,-0.83907115
TGCTTGCGTCTACTGA-1,7.1768165,0.009870961
TGGAACTAGCGTCAAG-1,-6.7834654,2.8535864
TGGAACTCAACGAGGT-1,-5.595924,8.940539
TGGAGAGCACAAGCTT-1,11.2420635,0.33070087
TGGAGAGTCCCTCAAC-1,-9.4563,1.8338809
TGGAGAGTCGGCATTA-1,-9.431609,1.8679619
TGGAGGACAATCGCGC-1,-4.2614465,4.8807025
TGGATCAAGTCGCCCA-1,-5.1449466,5.0508876
TGGATGTGTGAGGCAT-1,8.806022,-1.1873193
TGGATGTTCCGCGATG-1,-7.6778955,-6.8655186
TGGATGTTCGCTAGCG-1,-6.1295233,8.215899
TGGCGTGAGCACAAAT-1,-4.544128,2.5835721
TGGGAAGCAGCCTTCT-1,6.241483,-3.981813
TGGGAAGCATTGGCAT-1,-6.020106,7.2032237
TGGGAAGGTCCAAAGG-1,6.2641106,0.40173826
TGGGAAGTCATCCCGT-1,7.289866,-3.7074478
TGGGAGACAAGATTGA-1,-9.110411,-5.341948
TGGGAGAGTTGGAGAC-1,-5.18908,3.0433917
TGGGCGTCAAGTGGTG-1,-4.93695,8.415698
TGGGCGTTCTGCTTAT-1,-6.1350307,7.1920843
TGGGCTGTCACAAGAA-1,6.430496,-4.5498896
TGGGTTACAAGGATGC-1,10.2046795,3.379409
TGGTACACAGGGTTGA-1,-1.9513779,3.249826
TGGTAGTCAGTAGAGC-1,6.1196327,0.62360054
TGGTAGTGTGGGTTGA-1,-7.3131633,2.5484169
TGGTAGTTCTAGACAC-1,9.618905,1.2126765
TGGTTAGGTGCGTTTA-1,7.454737,-0.7009123
TGGTTAGTCCCATGGG-1,6.17349,0.8073785
TGGTTAGTCTAACACG-1,-5.2414165,3.9773417
TGTAAGCAGGCCTAGA-1,-4.4897075,1.0344023
TGTAGACGTGCATTAC-1,-4.808874,1.3307166
TGTCAGACACAAACGG-1,6.465066,-5.3277225
TGTCCACGTTGCGTAT-1,10.4104,5.876876
TGTCCCATCGCCACTT-1,10.935253,1.4571971
TGTCCCATCTGAGCAT-1,7.765815,-3.2787945
TGTCCTGAGCAGCACA-1,6.8319273,-5.396568
TGTCCTGCACTGGCGT-1,10.043539,6.421919
TGTCCTGCAGCGTGCT-1,-6.240469,5.0125866
TGTGAGTCACCCAATA-1,5.427954,0.30453056
TGTGATGCACTAACGT-1,-4.3618364,4.4670143
TGTGATGGTAAGGTCG-1,5.8854413,-4.1066947
TGTGCGGAGCACAAAT-1,10.662785,2.4435008
TGTGCGGAGTAGTGCG-1,-7.864494,-7.5061517
TGTGCGGAGTTGCTCA-1,-3.640864,3.825794
TGTGCGGTCGGAAACG-1,6.5582237,-2.9052794
TGTGGCGCACTTGGGC-1,10.738142,4.045349
TGTGGCGGTTCCAAAC-1,9.439762,8.387269
TGTGTGACAGTGGCTC-1,10.371622,2.2055821
TGTTACTAGAGTCGAC-1,-6.130061,6.13088
TGTTACTAGCTGGCCT-1,10.216643,1.41686
TGTTACTAGCTTACGT-1,-7.346313,8.213931
TGTTACTGTGATAGTA-1,11.377115,2.2806473
TGTTCATAGAAGCTCG-1,10.285126,6.2846065
TGTTCCGAGCGGTAGT-1,-4.2994766,3.6705992
TGTTCCGAGTGTAGAT-1,-5.449399,7.2140865
TGTTCCGCATTCGATG-1,10.447851,0.58424824
TGTTCTATCTCAAAGC-1,-7.2729316,8.317539
TGTTGAGAGTCCGTCG-1,10.238347,3.5839114
TGTTGAGGTTTACACG-1,-8.476248,-4.320829
TGTTGAGTCATGCGGC-1,-6.2040005,8.407794
TGTTGGATCGGCATTA-1,7.829129,-3.0270035
TGTTTGTGTGGTCAAG-1,6.3882556,-3.1218562
TGTTTGTTCCATCAGA-1,10.520013,5.239946
TTACAGGAGTTGCGCC-1,-5.925859,4.1810746
TTACCATCACAGGATG-1,-5.5525436,3.2282615
TTACCATCATGAGGGT-1,10.71563,1.375518
TTACGCCAGGTTCCGC-1,-2.8395135,4.3082023
TTACGCCGTGATACTC-1,6.510954,-3.5038369
TTACGCCTCGCCTTGT-1,-8.498723,-5.6706066
TTACGTTAGTTACGGG-1,10.046003,0.4412118
TTACGTTCAAGTATAG-1,11.424447,0.10265881
TTACGTTGTACCTAGT-1,-4.955808,1.8221539
TTACGTTGTGACATCT-1,7.4585333,-0.46878007
TTACGTTGTTGTCCCT-1,-4.4575667,2.719513
TTACGTTTCCTCACTG-1,-7.149935,8.075556
TTACTGTAGCCTTTGA-1,-6.452262,7.529205
TTAGGGTGTTTACGTG-1,-9.310175,-4.297368
TTAGTCTAGATACTGA-1,8.163528,-3.437963
TTAGTCTAGTACGTCT-1,-5.3855305,2.3701031
TTAGTCTCACTTGGCG-1,9.97312,1.5568929
TTAGTCTCAGGCACAA-1,-2.529443,3.995181
TTAGTCTGTGTCCACG-1,7.0747776,-3.6505365
TTAGTCTGTTATAGAG-1,-5.365963,2.1164727
TTAGTCTTCCACGTGG-1,11.204559,-0.49799144
TTATTGCCATTGCCTC-1,-7.5100307,-4.0209246
TTCAATCTCGGAACTT-1,-7.8243046,-3.6028242
TTCACGCAGGCTCAAG-1,-5.1089582,5.308905
TTCACGCGTCCGGTCA-1,-8.098856,2.2827618
TTCACGCGTGCCTATA-1,-6.701753,8.50348
TTCAGGAAGAATTGTG-1,-8.455766,-7.690372
TTCATGTAGCACACCC-1,9.516909,0.8677391
TTCATGTGTCACCTTC-1,-7.021366,7.829679
TTCATGTTCGCACGAC-1,-6.947747,2.6133323
TTCATTGAGGATAATC-1,-3.6722658,3.7366312
TTCATTGGTGTTGACT-1,7.717751,-2.7690248
TTCCAATCAAATTGGA-1,-6.983112,7.98182
TTCCAATCAGTCGTTA-1,7.710849,-4.731528
TTCCAATTCGGTTGTA-1,11.666603,0.2060561
TTCCACGAGTCCCGAC-1,9.280395,-0.75143874
TTCCACGAGTTCAACC-1,-7.0114703,8.123779
TTCCACGTCATCACTT-1,6.90297,-2.841179
TTCCACGTCCTTATAC-1,-3.5695643,3.8612468
TTCCGGTCATGGCTGC-1,10.413263,-0.7255826
TTCCGGTGTGATATAG-1,-1.8609256,3.198557
TTCCGGTGTTCTAAGC-1,-7.1125445,8.790352
TTCCGGTGTTTCAGAC-1,8.135064,-3.325104
TTCCGTGAGATCCGAG-1,-7.0354786,7.9995656
TTCCTAAAGATTACCC-1,7.7138906,-4.2682366
TTCCTAAGTTAGCGGA-1,-4.9371057,6.9341016
TTCCTCTAGTAAAGCT-1,5.820834,0.7855747
TTCCTCTTCGCGTGAC-1,-6.9526796,9.129873
TTCCTTCCACAAGCAG-1,7.7025023,-2.855126
TTCCTTCGTTATGTGC-1,6.4554853,-2.9058852
TTCGATTCAAGTAGTA-1,-5.0334973,4.89051
TTCGATTGTGGTCTAT-1,-8.566402,2.0581124
TTCGCTGTCGTTATCT-1,-6.1558228,6.067113
TTCGGTCCAATATCCG-1,10.15653,6.6071773
TTCGGTCTCTACGCAA-1,-8.343868,2.1868377
TTCTAACCAATCCAGT-1,-7.60553,-3.659913
TTCTAACCACTCCCTA-1,10.30206,-0.5743147
TTCTAACGTGCCTAAT-1,7.942719,-0.7706665
TTCTAGTTCCGCGGAT-1,-6.4042926,7.7502522
TTCTCTCCAAGGCAAC-1,6.159639,0.47924557
TTCTCTCGTGAGCCAA-1,1.4337573,0.95123714
TTCTCTCGTGAGCTCC-1,-6.7851233,8.811967
TTCTCTCTCGACGTCG-1,9.402409,8.211644
TTCTGTAAGTGTTGTC-1,-8.3602085,2.1923323
TTCTGTATCGCTAATG-1,9.354282,8.316474
TTCTGTATCTTCGGTC-1,-5.0495486,2.2061243
TTCTTCCTCTACCACC-1,9.47038,0.377704
TTGAACGCACGACGCT-1,-7.952056,-4.10967
TTGAACGTCCATCCGT-1,10.343341,2.6394603
TTGACCCAGGACTTCT-1,10.441825,3.952199
TTGACCCTCTTAGCAG-1,-5.183016,5.2566843
TTGAGTGAGCTTCGTA-1,10.347346,4.672634
TTGAGTGGTCCAACGC-1,-7.6153593,-7.6396813
TTGAGTGGTTGGTAGG-1,-5.4037447,4.006962
TTGAGTGGTTTGGAAA-1,-8.488741,-3.0723758
TTGAGTGTCAGGGTAG-1,6.485043,-4.692595
TTGATGGGTTCCCAAA-1,-5.6866236,9.087875
TTGATGGGTTGGACTT-1,7.8167763,-1.0615947
TTGCCTGAGGTCCCGT-1,10.037566,1.4080343
TTGCCTGGTTGTTTGG-1,7.988583,-2.2288284
TTGCCTGTCGACATCA-1,-4.6425447,3.0176778
TTGCGTCCAGCGTATT-1,6.9471483,-5.1173177
TTGCTGCCAGGAATCG-1,-6.181203,5.334739
TTGGATGCAGTCTCTC-1,-2.4639492,3.2319164
TTGGATGGTTATGACC-1,-7.8025985,-7.8603187
TTGGGATAGCTGTTCA-1,5.8843617,1.079174
TTGGGATGTGCAATAA-1,-8.541353,-4.845826
TTGGGCGGTACAAGCG-1,-3.770987,3.8815398
TTGGGCGTCTAAGCGT-1,10.231748,1.588152
TTGGGTAAGTCGCCCA-1,-7.8507295,-5.5468616
TTGGGTACAATGAAAC-1,5.5035653,0.96667206
TTGGTTTGTCTGTCCT-1,1.3378328,1.0678328
TTGGTTTTCGCATTGA-1,8.85816,0.019657275
TTGTGGAAGGCATGGT-1,-5.336466,3.2330241
TTGTGTTAGCTCGAAG-1,6.259011,-4.1780424
TTGTTCAGTCACGCTG-1,-8.032854,-5.627058
TTGTTCATCGGAGATG-1,6.63874,-5.6787696
TTGTTGTAGGATTTCC-1,11.093922,2.6345942
TTGTTTGGTGTACATC-1,7.841417,-0.49278432
TTTACCAAGGGAGGTG-1,10.372357,1.0973858
TTTACCAAGGTATTGA-1,11.557883,0.7867537
TTTACGTGTAAGTTAG-1,-8.550397,-4.987979
TTTACGTGTACAGAGC-1,-2.309798,4.1162443
TTTACGTGTGTCTCCT-1,6.7235775,-5.543339
TTTACTGAGGGATCTG-1,-6.891706,2.7100852
TTTAGTCGTAGACTGG-1,11.759519,0.052211877
TTTATGCGTCGTCTCT-1,6.4591126,-4.8874245
TTTATGCTCGGTCGGT-1,6.07047,0.59657437
TTTCACATCAGACCTA-1,-9.433622,-5.204581
TTTCAGTCATTAGGAA-1,-5.5925856,2.2437353
TTTCAGTGTCGCCACA-1,10.999597,0.0082412055
TTTCAGTGTTTCTTAC-1,-5.6819963,2.3180306
TTTCATGAGCAGCACA-1,-4.8919616,4.9145083
TTTCATGAGGGAGTTC-1,6.707085,-2.5777798
TTTCGATCACCTGTCT-1,-5.149199,2.157035
TTTCGATGTATGCGGA-1,-9.022997,-4.581094
TTTCGATTCGGCTATA-1,-6.7130246,8.001334
TTTCGATTCTTCGACC-1,6.778854,-4.4472885
TTTGACTAGGCTTTCA-1,-9.525384,1.7356924
TTTGACTGTCAGGCAA-1,-4.98114,3.987169
TTTGACTGTGGTAACG-1,-7.6840773,-7.358658
TTTGATCAGTTCCAGT-1,6.9651685,-3.1141117
TTTGATCCAACTTGGT-1,-6.0805817,4.283707
TTTGATCCAGGTAGTG-1,-4.6928234,3.6719558
TTTGATCCATTCGATG-1,-6.755954,6.656073
TTTGATCGTCATGGCC-1,9.249849,8.1425
TTTGATCGTGATGGCA-1,6.1086793,-4.6210303
TTTGGAGAGCAAATCA-1,-7.9504433,-7.5921297
TTTGGAGTCGGACTTA-1,9.588479,1.0150998
TTTGGTTCATAACGGG-1,9.4436035,8.171933
TTTGTTGCACATAGCT-1,-6.8383436,8.645032
TTTGTTGTCCGTCCTA-1,-6.421435,5.8526387
